Time (h), Air temperature1 (degC)
1,5.1
2,4.1
3,3.7
4,3.5
5,3
6,2.8
7,3.2
8,4.5
9,7
10,9.2
11,9.5
12,9
13,8.5
14,8.2
15,8.2
16,7.7
17,7
18,5.8
19,5.8
20,6
21,3.6
22,4.1
23,1.8
24,0.2
25
26,0.5
27,1.2
28,-0.3
29,-0.8
30,-0.5
31,0.4
32,1.5
33,3.2
34,5.2
35,6.2
36,4.3
37,5
38,6.4
39,5.9
40,4.1
41,2.9
42,1.3
43,2
44,3
45,3
46,1.7
47,3.6
48,2.9
49,3.3
50,3.1
51,2.7
52,2.5
53,2.1
54,1.6
55,1.2
56,1.3
57,2.1
58,3.6
59,4.1
60,4.5
61,4.8
62,4.7
63,4.2
64,3
65,-0.8
66,0.6
67,1.2
68,0.7
69,-2.7
70,-3.7
71,-4.5
72,-4.9
73,-5.5
74,-5.5
75,-6
76,-6.6
77,-7
78,-6.8
79,-4
80,-1.2
81,3.6
82,5.4
83,6.2
84,6
85,6.4
86,5.4
87,5.3
88,2.8
89,-0.6
90,0.5
91,-0.5
92,-0.3
93,1.5
94,0.3
95,0.7
96,0.3
97,-1.4
98,0.2
99,0.9
100,0.1
101,0.4
102,0.8
103,1.1
104,0.9
105,0.4
106,1.1
107,2.3
108,4.1
109,6.1
110,6.8
111,7.5
112,7.7
113,7.5
114,7.5
115,7.5
116,7.5
117,7.5
118,7.7
119,9.1
120,9.2
121,7.9
122,7.9
123,7.7
124,7.3
125,2.5
126,2.3
127,3.2
128,5.5
129,6.5
130,7.1
131,7.8
132,7.8
133,7.7
134,7.7
135,6.9
136,6
137,4.9
138,4.2
139,4
140,3.2
141,2.1
142,-0.7
143,0.2
144,-1.7
145,-2.7
146,-3
147,-3.8
148,-3.9
149,-3.1
150,-2.7
151,-2.9
152,-1.5
153,1.7
154,5.4
155,5.5
156,6.1
157,6.2
158,5.7
159,5.1
160,2.7
161,-0.5
162,-1.6
163,-2.1
164,-2.6
165,-2.4
166,-2.4
167,-1.9
168,-2.1
169,-2.3
170,-2.1
171,-2.1
172,-2.5
173,-1.8
174,-2.8
175,-2.3
176,-0.4
177,2.3
178,3.6
179,4.4
180,4.9
181,5.3
182,4.5
183,3.8
184,3.5
185,3.7
186,4.4
187,4.8
188,5.1
189,5.3
190,3.9
191,3.7
192,3.2
193,1.7
194,2.9
195,3.8
196,4.7
197,4.4
198,4.4
199,4.4
200,5.1
201,5.6
202,6.4
203,7
204,7.4
205,8.3
206,9.1
207,8.5
208,8.1
209,7.1
210,6.4
211,6.7
212,6.3
213,7.4
214,7.5
215,6
216,6.1
217,5.8
218,7
219,7.2
220,6.3
221,6.8
222,6.6
223,7.3
224,7.6
225,8.8
226,9.1
227,9.3
228,9.3
229,8.8
230,8.7
231,7.5
232,6.9
233,4.9
234,5.2
235,5.2
236,3.9
237,2.8
238,4.3
239,3.6
240,4
241,3.8
242,3.9
243,4.3
244,5
245,6.1
246,5.6
247,4.5
248,6
249,8.1
250,9.3
251,10.7
252,11.7
253,9.8
254,10.1
255,9.2
256,8.8
257,8.7
258,8.7
259,8.7
260,8.7
261,8.9
262,8.9
263,9
264,9.2
265,9.6
266,9.6
267,9.7
268,9.5
269,9.4
270,9.5
271,9.4
272,9.5
273,9.6
274,9.5
275,9.8
276,1
277,10.5
278,10.5
279,10.3
280,10.3
281,10.4
282,9.3
283,9.2
284,8.9
285,8.4
286,7.2
287,8.1
288,9
289,8.8
290,9.4
291,9.6
292,9.8
293,9.9
294,1
295,10.4
296,10.8
297,11.6
298,11.8
299,12.2
300,12.9
301,13.3
302,13.8
303,13.7
304,12.4
305,13.3
306,13.4
307,12.9
308,13.9
309,14.1
310,14.4
311,14.7
312,14.9
313,13.2
314,12.5
315,12.2
316,12.2
317,11.9
318,12
319,13
320,16.6
321,17.6
322,18.1
323,18.7
324,18.9
325,19.5
326,20.3
327,18.5
328,17.2
329,16.3
330,15.8
331,15.4
332,14
333,13
334,12.1
335,12.4
336,11.6
337,11.4
338,10.5
339,9.6
340,9.3
341,9.1
342,10.4
343,10.6
344,11.8
345,12.4
346,12.6
347,12.2
348,11.4
349,11.2
350,10.6
351,1
352,9.4
353,9
354,8.7
355,8.6
356,8.5
357,8.2
358,8.1
359,7.9
360,8
361,7.9
362,7.9
363,8.2
364,8.4
365,8.3
366,8.1
367,7.7
368,6.8
369,8.2
370,8.6
371,9.3
372,9.2
373,8.8
374,7.9
375,7.7
376,6.5
377,4.9
378,5
379,5.9
380,6.2
381,5.3
382,3.9
383,3.1
384,2
385,1.3
386,1.7
387,2.2
388,1.8
389,1.7
390,1.9
391,2.1
392,2.7
393,3.7
394,4.6
395,5.6
396,6.2
397,6.5
398,6.6
399,6.8
400,7.2
401,7.6
402,8.4
403,8.9
404,8.9
405,8.3
406,8.2
407,8.1
408,8.1
409,8.1
410,7.2
411,5.7
412,6.7
413,7.3
414,7.3
415,7.2
416,7.5
417,8.2
418,8.8
419,9.4
420,9.5
421,8.8
422,8.3
423,7.5
424,6.5
425,5.3
426,4
427,4
428,3.6
429,3.4
430,4.2
431,4.6
432,7.2
433,7.8
434,7.9
435,7.6
436,8
437,7.7
438,7.8
439,8.5
440,8.7
441,9.1
442,9.4
443,9.5
444,9.6
445,9.4
446,9.1
447,8.5
448,7.9
449,7.1
450,4.9
451,2.3
452,1.3
453,1.5
454,0.4
455
456,-0.4
457,-0.6
458,-1.1
459,-1.1
460,-0.5
461,-1.2
462,-0.4
463,-0.2
464,0.2
465,1.3
466,3.3
467,4.9
468,5.6
469,6
470,6.3
471,6
472,5
473,4.7
474,4.6
475,4.2
476,4.5
477,4.8
478,4.7
479,4.9
480,3.7
481,4.1
482,4.5
483,4.8
484,5.2
485,5.6
486,5.3
487,5.5
488,6
489,6.5
490,6.7
491,6.3
492,6.8
493,7.4
494,7.6
495,7.9
496,8.1
497,7.6
498,7
499,7
500,6.9
501,6.7
502,6.7
503,6.5
504,6.4
505,6.1
506,6.3
507,6.7
508,5.7
509,6.2
510,6.4
511,5.4
512,5.2
513,6.3
514,6.7
515,7
516,7
517,6.5
518,6.4
519,6
520,5.5
521,5.3
522,5.8
523,6
524,5.5
525,4.8
526,4.6
527,3.5
528,3.8
529,2.7
530,2.9
531,3.1
532,3.3
533,0.9
534,0.4
535,1.2
536,1.3
537,2.5
538,3.2
539,4.1
540,5.2
541,4.4
542,4.6
543,4.4
544,1.8
545,0.4
546,-0.6
547,0.1
548,-0.8
549,-0.4
550,0.7
551,0.6
552,-0.5
553,-2.4
554,-2.6
555,-3.2
556,-3.3
557,-3.3
558,-1.9
559,-1.4
560,-0.7
561,0.5
562,2.4
563,3.9
564,3.4
565,4.1
566,2.9
567,2.8
568,1.3
569,0.8
570,-0.1
571
572,-1.2
573,-0.4
574,-0.5
575,-0.3
576,-0.2
577,-0.2
578,-0.1
579,-0.1
580,-0.7
581,-0.6
582,-0.9
583,-0.8
584,-0.3
585,-0.5
586,0.5
587,1.2
588,1.3
589,1.1
590,1.1
591,1
592,-0.3
593,-0.9
594,-0.7
595,-0.5
596,-0.5
597,-0.5
598,-0.4
599,-0.6
600,-0.7
601,-0.8
602,-2.2
603,-2.6
604,-2.4
605,-1.3
606,-1.2
607,-1.1
608,-0.8
609,-0.5
610
611,0.5
612,1.4
613,1.3
614,0.6
615,0.6
616,0.5
617,-0.2
618,-0.1
619,-2.9
620,-2.8
621,-1.1
622,-0.9
623,-1.2
624,-1.5
625,-1.4
626,-1.4
627,-1.8
628,-4.3
629,-1.9
630,-1.3
631,-1.6
632,-1
633,-0.5
634,-0.3
635,-0.3
636,-0.2
637
638,-0.1
639
640,0.2
641,0.3
642
643
644
645,0.1
646,-0.2
647,-0.9
648,-2
649,-2.4
650,-2.9
651,-3.2
652,-3.8
653,-4.1
654,-4.9
655,-5.4
656,-4.7
657,-4.6
658,-3.2
659,-2.1
660,-1.5
661,-1
662,-1.1
663,-2.1
664,-4.9
665,-5.8
666,-6.7
667,-7.8
668,-8.5
669,-8.9
670,-9.1
671,-9.6
672,-9.9
673,-9.8
674,-8.8
675,-8.9
676,-10
677,-9.3
678,-8.8
679,-9.5
680,-8.4
681,-6.7
682,-4.9
683,-3.1
684,-1.4
685,-0.9
686,-0.5
687,-2.4
688,-4
689,-4.1
690,-5.8
691,-7
692,-8.6
693,-9.5
694,-9.9
695,-9.2
696,-8.6
697,-8
698,-7.8
699,-7.6
700,-7
701,-6.5
702,-6.8
703,-7.3
704,-7.7
705,-6.1
706,-5.4
707,-5.3
708,-4.9
709,-4.6
710,-4
711,-3.6
712,-2.9
713,-1.9
714,-1.5
715,-0.6
716,0.2
717
718,0.1
719,0.3
720,0.4
721
722,0.1
723,0.2
724,0.3
725,0.3
726,0.4
727,0.8
728,1.3
729,1.6
730,1.7
731,1.8
732,1.9
733,1.9
734,2.1
735,2.2
736,2.4
737,2.9
738,3.6
739,4
740,4.4
741,4.9
742,5.4
743,5.8
744,6
745,5.7
746,5.3
747,5.7
748,5.3
749,5.6
750,5.8
751,6
752,6.2
753,5.6
754,6
755,6.5
756,7.1
757,7.1
758,5.8
759,5.1
760,4.1
761,2.1
762,0.9
763,0.6
764,-0.5
765,-1
766,-1.5
767,-1.1
768,-1.3
769,-0.2
770,-0.2
771,-0.6
772,-0.6
773,-0.7
774,-0.9
775,-0.8
776,-0.9
777,-0.6
778,-0.3
779,-0.1
780,0.1
781,0.5
782,1
783,1.2
784,1.7
785,2
786,2.6
787,3
788,3.3
789,3.9
790,4.1
791,4.4
792,4.6
793,5
794,5.4
795,6.3
796,6.8
797,7.2
798,7.1
799,7
800,6.2
801,5.8
802,5.5
803,4.7
804,4.1
805,3.9
806,3.8
807,3.6
808,3.7
809,3.4
810,3.1
811,2.9
812,2.7
813,2.4
814,1.9
815,1.8
816,1.8
817,-0.9
818,-0.9
819,-0.7
820,-1
821,-1.7
822,-1.5
823,-1.5
824,-0.3
825,0.3
826,0.8
827,1.2
828,1.9
829,2.4
830,2.5
831,2.7
832,3.2
833,3.7
834,4
835,4.6
836,5
837,5.8
838,6.3
839,6
840,5.6
841,4.8
842,5
843,4.8
844,4.6
845,4.2
846,3.7
847,3.8
848,4.3
849,4.5
850,4.6
851,4.8
852,5.3
853,6.1
854,6.3
855,6.2
856,6.1
857,6.1
858,6
859,5.8
860,5.8
861,5.8
862,5.8
863,5.7
864,5.9
865,5.8
866,5.5
867,5.6
868,5.8
869,5.7
870,6
871,6
872,6
873,6.2
874,6.3
875,6.5
876,6.7
877,6.7
878,6.6
879,6.4
880,6.1
881,6.1
882,6.1
883,5.8
884,5.8
885,5.5
886,5.4
887,5.3
888,5.2
889,5.1
890,5.1
891,5
892,4.7
893,4.4
894,4.3
895,4.3
896,4.3
897,4.5
898,4.5
899,4.6
900,4.8
901,4.8
902,4.8
903,4.6
904,4.5
905,4.4
906,4.3
907,4.1
908,4
909,4.2
910,4.2
911,4.1
912,3.9
913,3.9
914,3.9
915,4
916,4
917,4.1
918,4.1
919,3.9
920,4
921,4.1
922,4.3
923,4.5
924,4.7
925,4.7
926,4.6
927,4.6
928,4.6
929,4.5
930,4.5
931,4.6
932,4.7
933,4.7
934,4.7
935,4.8
936,4.9
937,4.9
938,4.9
939,5
940,5
941,5.1
942,5.2
943,5.4
944,5.4
945,5.5
946,5.7
947,6
948,5.9
949,5.7
950,5.6
951,5.4
952,5.4
953,5.4
954,5.3
955,5.1
956,4.9
957,4.7
958,4.6
959,4.7
960,4.4
961,4
962,3.3
963,2.3
964,2.1
965,2.1
966,2.4
967,2.5
968,2.6
969,2.4
970,2.4
971,2.3
972,2.1
973,2
974,1.7
975,1.3
976,1.3
977,1.4
978,1.3
979,1.1
980,1.2
981,1.3
982,1.4
983,1.5
984,1.5
985,1.5
986,1.6
987,1.7
988,1.9
989,2
990,2.1
991,2.2
992,2.3
993,2.5
994,2.9
995,3
996,3.3
997,3.3
998,3.2
999,3.2
1000,3.1
1001,3
1002,3.3
1003,3.5
1004,3.5
1005,3.3
1006,3.2
1007,3
1008,3.1
1009,3.2
1010,3.3
1011,3.4
1012,3.4
1013,3.4
1014,3.4
1015,3.5
1016,3.6
1017,4
1018,4.1
1019,4.6
1020,4.4
1021,4.4
1022,4.3
1023,4.1
1024,4.3
1025,4.4
1026,4.3
1027,3.9
1028,3.8
1029,3.7
1030,3.6
1031,3.6
1032,3.8
1033,4.2
1034,4.6
1035,4.9
1036,5.2
1037,5.6
1038,5.6
1039,5.8
1040,5.9
1041,6.1
1042,6
1043,5.9
1044,6.1
1045,6
1046,6.1
1047,5.9
1048,5.5
1049,5.5
1050,5.4
1051,4.9
1052,4.6
1053,4.7
1054,4.7
1055,4.8
1056,5
1057,5.1
1058,5
1059,4.7
1060,4.1
1061,3.7
1062,3.6
1063,3
1064,2.2
1065,1.6
1066,1.7
1067,1.6
1068,1.9
1069,1.8
1070,1.7
1071,1.6
1072,1.4
1073,1.6
1074,1.9
1075,1.9
1076,2
1077,2.4
1078,2.6
1079,3
1080,2.7
1081,2.4
1082,2.1
1083,2.6
1084,2.9
1085,2.5
1086,2.3
1087,2.7
1088,2.9
1089,3.5
1090,4.3
1091,4.8
1092,4.9
1093,5.2
1094,5.4
1095,5.6
1096,5.9
1097,6.5
1098,6.8
1099,6.6
1100,6.1
1101,5.6
1102,5.8
1103,6.4
1104,6.9
1105,5.8
1106,6.5
1107,7.2
1108,6.9
1109,7.2
1110,8.2
1111,8.2
1112,8.1
1113,8.8
1114,9
1115,9.3
1116,8.9
1117,9.2
1118,8.6
1119,7.8
1120,7.2
1121,6.6
1122,6.5
1123,6.4
1124,6.6
1125,6.8
1126,7.2
1127,7
1128,6.9
1129,6.5
1130,6.5
1131,7.2
1132,6.5
1133,6.5
1134,6.3
1135,6.6
1136,6.7
1137,6.5
1138,6.5
1139,7.1
1140,7.2
1141,7.5
1142,7.5
1143,7
1144,7
1145,6.5
1146,6.4
1147,5.9
1148,5.2
1149,5.1
1150,5.2
1151,4.7
1152,4.6
1153,4.4
1154,3.7
1155,3.4
1156,2.7
1157,2
1158,0.8
1159,0.9
1160,0.6
1161,0.4
1162,0.4
1163,0.2
1164,0.1
1165,0.1
1166,-0.5
1167,-1.1
1168,-2.6
1169,-3
1170,-3.4
1171,-3.5
1172,-4.1
1173,-5.3
1174,-6.2
1175,-6.7
1176,-6.8
1177,-7.1
1178,-7.2
1179,-7.7
1180,-7.9
1181,-7.6
1182,-7.7
1183,-7.7
1184,-7.1
1185,-6
1186,-4.6
1187,-3.1
1188,-2.5
1189,-2.7
1190,-3.3
1191,-2.7
1192,-1.4
1193,-0.1
1194,0.1
1195,-0.6
1196,-1.7
1197,-0.6
1198,-0.9
1199,-0.5
1200,0.8
1201,1
1202,2.6
1203,2.6
1204,2.4
1205,1.2
1206,-0.2
1207
1208,-0.6
1209,-1.7
1210,3.6
1211,3.5
1212,3.1
1213,2.8
1214,2.1
1215,2.1
1216,1.7
1217,1.4
1218,0.9
1219,0.6
1220
1221,0.2
1222,-0.2
1223,-0.5
1224,-0.9
1225,0.3
1226,1.1
1227,1.6
1228,1
1229,-0.9
1230,-3
1231,-3.1
1232,-3.8
1233,-1.8
1234,-1.8
1235,-1.6
1236,0.1
1237,1.9
1238,2.4
1239,1.9
1240,0.7
1241,0.1
1242,0.6
1243,0.5
1244,0.3
1245,-1.5
1246,-2.2
1247,-2
1248,-2.1
1249,-2.3
1250,-2.9
1251,-3.7
1252,-3.4
1253,-2.2
1254,-0.6
1255,-0.1
1256,0.7
1257,1
1258,1.2
1259,1.3
1260,0.4
1261,-0.2
1262,-1
1263,-3.5
1264,-4.7
1265,-5.6
1266,-6.5
1267,-6.8
1268,-6.8
1269,-7.2
1270,-7
1271,-6.6
1272,-6.6
1273,-6.1
1274,-4.9
1275,-3.9
1276,-3.6
1277,-2.6
1278,-1.7
1279,-0.8
1280,-2.1
1281,-1.8
1282,-1
1283,-1.2
1284,-1.4
1285,-0.7
1286,0.7
1287,0.9
1288,1.6
1289,2.1
1290,1.9
1291,2.7
1292,2.7
1293,2.5
1294,2.7
1295,2.7
1296,2.5
1297,2.4
1298,2.3
1299,2.4
1300,2.5
1301,2.9
1302,2.9
1303,1.3
1304,0.9
1305,0.4
1306
1307,0.2
1308,0.1
1309,0.8
1310,2.1
1311,1
1312,-0.1
1313,-1.2
1314,-3.4
1315,-1.8
1316,-0.5
1317,-1.4
1318,0.7
1319,-0.3
1320,0.5
1321,0.3
1322,-0.1
1323,-0.2
1324,-0.7
1325,-0.9
1326,-0.8
1327,-0.8
1328,-1.2
1329,-1.8
1330,-1.9
1331,-0.3
1332,-0.9
1333,-1.3
1334,-3.8
1335,-5.8
1336,-6.6
1337,-7.5
1338,-7.4
1339,-7.1
1340,-8.2
1341,-8.5
1342,-9.7
1343,-9.8
1344,-10
1345,-10.6
1346,-10.3
1347,-10.2
1348,-11.2
1349,-10.7
1350,-10
1351,-8.8
1352,-8.8
1353,-10.4
1354,-7.1
1355,-8
1356,-2.6
1357,-2.9
1358,-2.7
1359,-2.7
1360,-2.7
1361,-2.6
1362,-2.6
1363,-2.7
1364,-3.2
1365,-2.3
1366,-2.6
1367,-2.7
1368,-3
1369,-3.5
1370,-4.1
1371,-4.4
1372,-4.3
1373,-3.8
1374,-4
1375,-4.4
1376,-4.5
1377,-4.5
1378,-4.5
1379,-4.5
1380,-4.7
1381,-4.7
1382,-6.5
1383,-6.9
1384,-8.9
1385,-8.9
1386,-7.7
1387,-7.6
1388,-5.6
1389,-5.2
1390,-5.6
1391,-6
1392,-5.8
1393,-5.5
1394,-5.5
1395,-6.3
1396,-7.3
1397,-7.2
1398,-6.1
1399,-7
1400,-6.7
1401,-5.8
1402,-4.8
1403,-3.9
1404,-4.1
1405,-4.8
1406,-4.4
1407,-4
1408,-3.3
1409,-2.5
1410,-1.7
1411,-1.2
1412,-1.2
1413,-1
1414,-0.8
1415,-1.1
1416,-0.7
1417,-0.4
1418,-0.1
1419,-0.3
1420,1.1
1421,2.1
1422,2.3
1423,0.2
1424
1425,-0.8
1426,-0.3
1427,0.3
1428,1.3
1429,2
1430,2.2
1431,2.2
1432,2.2
1433,2.4
1434,2.3
1435,1.6
1436,1.4
1437,2.1
1438,1.8
1439,2.4
1440,2.7
1441,2.4
1442,2.6
1443,2.7
1444,2.6
1445,2.5
1446,2.3
1447,2.6
1448,2.7
1449,2.1
1450,2.1
1451,2.4
1452,2.8
1453,3.2
1454,3.7
1455,4.3
1456,4.4
1457,4.5
1458,4.5
1459,4.4
1460,4.3
1461,4.2
1462,4.1
1463,4.1
1464,4.2
1465,3.9
1466,3.9
1467,3.7
1468,3.9
1469,4
1470,3.3
1471,3.1
1472,2.9
1473,2
1474,1.6
1475,1.1
1476,1
1477,0.5
1478,0.2
1479,-0.3
1480,-0.7
1481,-0.9
1482,-1.4
1483,-1.5
1484,-2.1
1485,-2.9
1486,-3.1
1487,-3.1
1488,-3.1
1489,-3
1490,-2.8
1491,-2.7
1492,-2.6
1493,-2.8
1494,-2.6
1495,-2.4
1496,-2.2
1497,-1.8
1498,-1.6
1499,-1.4
1500,-1.4
1501,-1.4
1502,-1.4
1503,-1.7
1504,-1.8
1505,-1.9
1506,-2
1507,-2.2
1508,-2.3
1509,-2.4
1510,-2.4
1511,-2.4
1512,-2.3
1513,-2.1
1514,-1.8
1515,-1.7
1516,-1.5
1517,-1.6
1518,-2.1
1519,-2
1520,-1.8
1521,-1.8
1522,-1.8
1523,-1.8
1524,-1.9
1525,-2.1
1526,-2.3
1527,-2.5
1528,-2.6
1529,-3
1530,-3.3
1531,-3.4
1532,-3.6
1533,-3.8
1534,-3.9
1535,-4.3
1536,-4.9
1537,-4.7
1538,-4.5
1539,-4
1540,-3.5
1541,-3
1542,-2.7
1543,-2.7
1544,-2.8
1545,-2.6
1546,-3
1547,-3.2
1548,-3.2
1549,-3.5
1550,-3.3
1551,-3.1
1552,-2.9
1553,-2.5
1554,-2.2
1555,-1.8
1556,-1.7
1557,-1.2
1558,-0.9
1559,-0.6
1560,-0.3
1561,-0.1
1562,0.1
1563,0.2
1564,0.3
1565,0.5
1566,0.7
1567,0.9
1568,0.8
1569,0.6
1570,0.9
1571,0.9
1572,0.8
1573,0.2
1574,0.2
1575,0.1
1576,-0.1
1577,-1
1578,-1.2
1579,-1.4
1580,-1.2
1581,-0.8
1582,-0.3
1583
1584
1585,-0.4
1586,-0.3
1587,-0.3
1588,-0.3
1589,-0.2
1590,-0.1
1591,-0.2
1592,-0.9
1593,-1.4
1594,-1.2
1595,-2.3
1596,-1.9
1597,-2.6
1598,-3
1599,-4.3
1600,-4.3
1601,-5
1602,-5.6
1603,-5.7
1604,-4.4
1605,-4
1606,-3.6
1607,-3
1608,-2.1
1609,-1.9
1610,-1.6
1611,-1.7
1612,-1.4
1613,-1.4
1614,-1.6
1615,-1.7
1616,-1.8
1617,-2.9
1618,-4.3
1619,-4.1
1620,-3.6
1621,-3.2
1622,-3
1623,-2.8
1624,-2.5
1625,-2.1
1626,-1.7
1627,-1.6
1628,-1.4
1629,-1.5
1630,-1.2
1631,-1.1
1632,-1
1633,-1.1
1634,-1.4
1635,-1.3
1636,-1.3
1637,-1.4
1638,-1.3
1639,-1.4
1640,-1.4
1641,-1.4
1642,-1.4
1643,-1.4
1644,-1.3
1645,-1.4
1646,-1.6
1647,-1.7
1648,-1.7
1649,-1.6
1650,-1.8
1651,-1.8
1652,-1.7
1653,-1.8
1654,-1.7
1655,-1.6
1656,-1.5
1657,-1.4
1658,-1.5
1659,-1.5
1660,-1.4
1661,-0.8
1662,-0.2
1663,0.1
1664,0.3
1665,0.5
1666,0.5
1667,0.6
1668,0.8
1669,0.9
1670,1
1671,1.2
1672,0.9
1673,1
1674,0.9
1675,0.8
1676,0.9
1677,0.8
1678,0.6
1679,0.2
1680,0.2
1681,0.3
1682,0.3
1683,0.3
1684,0.4
1685,0.5
1686,0.5
1687,0.4
1688,0.7
1689,0.7
1690,0.8
1691,0.8
1692,0.8
1693,0.8
1694,0.7
1695,0.4
1696,0.3
1697,0.3
1698,0.2
1699,0.2
1700,0.1
1701,0.1
1702
1703,-0.3
1704,-0.5
1705,-0.6
1706,-0.6
1707,-0.6
1708,-0.8
1709,-0.9
1710,-1.2
1711,-1.2
1712,-1.2
1713,-1.2
1714,-1.9
1715,-2.1
1716,-2.2
1717,-2
1718,-1.8
1719,-1.9
1720,-1.7
1721,-1.8
1722,-1.8
1723,-1.7
1724,-1.7
1725,-2
1726,-1.7
1727,-2.1
1728,-2.4
1729,-2.5
1730,-2.4
1731,-2
1732,-2
1733,-2.1
1734,-2.1
1735,-2
1736,-2
1737,-2
1738,-1.7
1739,-1.6
1740,-1.5
1741,-3
1742,-3.4
1743,-3.9
1744,-4.8
1745,-5.4
1746,-6.1
1747,-6.3
1748,-6.5
1749,-7
1750,-7.7
1751,-8.1
1752,-7.7
1753,-7.1
1754,-5.7
1755,-5.3
1756,-5
1757,-5.6
1758,-4.6
1759,-5.8
1760,-6.6
1761,-6.7
1762,-6.2
1763,-5.2
1764,-4.1
1765,-3.5
1766,-3.3
1767,-3.3
1768,-3.2
1769,-3.1
1770,-3.2
1771,-4
1772,-3.7
1773,-3.9
1774,-3.1
1775,-3
1776,-2.9
1777,-2.8
1778,-2.8
1779,-2.9
1780,-2.8
1781,-3
1782,-3.1
1783,-2.7
1784,-2.9
1785,-2.9
1786,-2.8
1787,-2.8
1788,-2.8
1789,-2.9
1790,-2.6
1791,-2.5
1792,-2.5
1793,-2.6
1794,-2.6
1795,-2.5
1796,-2.6
1797,-2.6
1798,-2.5
1799,-2.5
1800,-2.6
1801,-2.5
1802,-2.6
1803,-2.5
1804,-2.5
1805,-2.5
1806,-2.3
1807,-2.3
1808,-2.2
1809,-2.2
1810,-2.2
1811,-2
1812,-1.9
1813,-2.1
1814,-2
1815,-2
1816,-2
1817,-2
1818,-2
1819,-2
1820,-2.1
1821,-2.2
1822,-2.2
1823,-2.2
1824,-2.1
1825,-2.2
1826,-2.3
1827,-2.3
1828,-2.3
1829,-2.5
1830,-2.6
1831,-2.7
1832,-2.6
1833,-2.5
1834,-2.7
1835,-3.2
1836,-4
1837,-5.1
1838,-6
1839,-6.5
1840,-7.8
1841,-8.6
1842,-8.9
1843,-9.2
1844,-9.5
1845,-9.4
1846,-9.1
1847,-8.9
1848,-9.4
1849,-10.4
1850,-10.6
1851,-10.3
1852,-9.7
1853,-9.5
1854,-9.1
1855,-8.2
1856,-8
1857,-7.7
1858,-7.3
1859,-7.1
1860,-6.6
1861,-5.9
1862,-5.6
1863,-5.4
1864,-5
1865,-4.9
1866,-4.9
1867,-4.7
1868,-4.5
1869,-4.5
1870,-4.5
1871,-4.5
1872,-4.5
1873,-4.5
1874,-4.5
1875,-4.6
1876,-4.8
1877,-4.9
1878,-5.2
1879,-5
1880,-4.9
1881,-4.9
1882,-4.8
1883,-4.7
1884,-4.6
1885,-4.7
1886,-4.8
1887,-4.8
1888,-4.4
1889,-5
1890,-5.6
1891,-4.8
1892,-4.7
1893,-4.5
1894,-4.2
1895,-4.3
1896,-4.3
1897,-4.4
1898,-4.4
1899,-4.3
1900,-4.7
1901,-4.5
1902,-5.1
1903,-5.3
1904,-5
1905,-4.7
1906,-4.7
1907,-4.6
1908,-4.4
1909,-4.4
1910,-4.5
1911,-4.3
1912,-4.2
1913,-4.3
1914,-4.3
1915,-4.4
1916,-4.6
1917,-4.7
1918,-4.9
1919,-4.9
1920,-5
1921,-5.2
1922,-5.1
1923,-5.2
1924,-5.2
1925,-5.2
1926,-5.2
1927,-5.2
1928,-5.3
1929,-5.4
1930,-5.3
1931,-5.2
1932,-5.2
1933,-5.4
1934,-5.6
1935,-5.7
1936,-5.7
1937,-5.8
1938,-5.9
1939,-5.9
1940,-6.1
1941,-6.2
1942,-6.2
1943,-6.5
1944,-6.6
1945,-6.9
1946,-7
1947,-7.1
1948,-7.4
1949,-7.5
1950,-7.9
1951,-7.6
1952,-7.9
1953,-9.5
1954,-9.4
1955,-9.1
1956,-9.5
1957,-9.7
1958,-10.3
1959,-11
1960,-12.1
1961,-13.6
1962,-13.5
1963,-13.7
1964,-14.3
1965,-14.6
1966,-15.1
1967,-15.3
1968,-15.3
1969,-15.2
1970,-14.8
1971,-14.7
1972,-14.8
1973,-14.8
1974,-14.2
1975,-14
1976,-14.8
1977,-15.2
1978,-15.3
1979,-15.3
1980,-15.1
1981,-15.7
1982,-16.8
1983,-17
1984,-17.2
1985,-17.7
1986,-17.6
1987,-18
1988,-18.7
1989,-19.5
1990,-20.1
1991,-20.6
1992,-21.2
1993,-20.9
1994,-20.9
1995,-21.4
1996,-20.9
1997,-19.8
1998,-18.7
1999,-18
2000,-17.4
2001,-16.7
2002,-17.1
2003,-18.6
2004,-19.2
2005,-20
2006,-20.3
2007,-20.9
2008,-20.9
2009,-21.4
2010,-21.2
2011,-20.3
2012,-17.2
2013,-16.4
2014,-15.9
2015,-14.8
2016,-14.2
2017,-13.3
2018,-12.8
2019,-12.2
2020,-11.6
2021,-11.5
2022,-11.5
2023,-11.2
2024,-10.8
2025,-10.5
2026,-9.8
2027,-8.9
2028,-8.2
2029,-7.5
2030,-6.7
2031,-6.1
2032,-5.1
2033,-4.4
2034,-4
2035,-3.3
2036,-2.5
2037,-1.4
2038,-1.3
2039,-1.2
2040,-1.1
2041,-1
2042,-0.9
2043,-0.8
2044,-0.5
2045,-1
2046,-1.4
2047,-1.3
2048,-1.1
2049,-1.1
2050,-1.2
2051,-1.5
2052,-1.5
2053,-1
2054,-2
2055,-1.9
2056,-3
2057,-3.2
2058,-4.3
2059,-5.7
2060,-5.4
2061,-6.2
2062,-7.7
2063,-7.4
2064,-8.6
2065,-4.8
2066,-4.8
2067,-5.6
2068,-7.4
2069,-6.2
2070,-7
2071,-6.1
2072,-7.3
2073,-7.7
2074,-8.3
2075,-10.7
2076,-10.9
2077,-11.9
2078,-13.7
2079,-14.4
2080,-13.7
2081,-13.9
2082,-14.1
2083,-11.1
2084,-9.4
2085,-8.4
2086,-7.4
2087,-6.6
2088,-5.9
2089,-5
2090,-4.4
2091,-4.1
2092,-3.9
2093,-3.7
2094,-3.4
2095,-3.1
2096,-2.7
2097,-2.4
2098,-2.1
2099,-1.9
2100,-0.8
2101,-0.8
2102,-0.8
2103,-1.1
2104,-1.3
2105,-1.4
2106,-1.4
2107,-1.5
2108,-1.4
2109,-1.4
2110,-1.2
2111,-0.9
2112,-0.6
2113,-0.4
2114,-0.1
2115
2116,-1.1
2117,-1.6
2118,-1.6
2119,-1.6
2120,-1.9
2121,-2.2
2122,-2.4
2123,-2.5
2124,-2.4
2125,-2.6
2126,-2.6
2127,-3
2128,-3.2
2129,-3.2
2130,-3
2131,-2.7
2132,-2.4
2133,-2
2134,-1.7
2135,-1.3
2136,-1.1
2137,-1.1
2138,-1.4
2139,-1.7
2140,-1.9
2141,-3
2142,-3
2143,-2.4
2144,-1.9
2145,-1.2
2146,-0.4
2147
2148,0.3
2149,0.6
2150,0.3
2151,0.5
2152,0.7
2153,0.5
2154,0.7
2155,0.8
2156,0.5
2157,-0.1
2158,0.4
2159,0.3
2160,-0.3
2161,-1.2
2162,-1.9
2163,-3
2164,-3.5
2165,-3.7
2166,-4.9
2167,-6.4
2168,-6.7
2169,-8.9
2170,-8
2171,-9.5
2172,-10.5
2173,-12.1
2174,-13.5
2175,-14.2
2176,-14.1
2177,-15.8
2178,-15.5
2179,-14.7
2180,-15.4
2181,-16.1
2182,-16.2
2183,-13.2
2184,-13.4
2185,-10.8
2186,-7.5
2187,-8
2188,-8.3
2189,-8.7
2190,-7.8
2191,-7.9
2192,-6.9
2193,-4.3
2194,-3.5
2195,-3.9
2196,-5.6
2197,-5.9
2198,-5
2199,-4.3
2200,-3.9
2201,-3.8
2202,-4
2203,-4.2
2204,-3.9
2205,-3.3
2206,-2.4
2207,-1.6
2208,-1.1
2209,-0.6
2210,0.1
2211,0.2
2212,0.6
2213,1.2
2214,1.3
2215,1.1
2216,1
2217,0.9
2218,0.8
2219,0.7
2220,0.6
2221,0.5
2222,0.5
2223,-0.1
2224,-1.8
2225,-2.9
2226,-3.8
2227,-3.7
2228,-3.1
2229,-2.2
2230,-2.7
2231,-3.7
2232,-4.7
2233,-5.4
2234,-6
2235,-6.6
2236,-7.4
2237,-8
2238,-8.3
2239,-9
2240,-9.7
2241,-9.6
2242,-10.6
2243,-10.9
2244,-11
2245,-11.5
2246,-11.8
2247,-11.3
2248,-12
2249,-13.4
2250,-13.3
2251,-13.2
2252,-12.6
2253,-13.1
2254,-13
2255,-13.6
2256,-14.3
2257,-15.3
2258,-15.9
2259,-17.8
2260,-19.1
2261,-20
2262,-20.5
2263,-19.9
2264,-20.5
2265,-20.6
2266,-20.1
2267,-19.7
2268,-17.8
2269,-16.9
2270,-15.9
2271,-13.9
2272,-9.9
2273,-8.3
2274,-7.4
2275,-7
2276,-6.1
2277,-6.2
2278,-5.8
2279,-5.4
2280,-4.9
2281,-4.5
2282,-4.4
2283,-4.2
2284,-4
2285,-4.2
2286,-4.5
2287,-4.6
2288,-4.9
2289,-5
2290,-5.4
2291,-6.1
2292,-6.8
2293,-7.2
2294,-7.6
2295,-7.9
2296,-8
2297,-8.3
2298,-8.3
2299,-8.4
2300,-8.7
2301,-8.7
2302,-8.6
2303,-8.8
2304,-8.5
2305,-8.7
2306,-8.8
2307,-9.3
2308,-8.8
2309,-8.1
2310,-8.1
2311,-8
2312,-7.9
2313,-7.9
2314,-7.6
2315,-7.1
2316,-6.9
2317,-6.7
2318,-6.5
2319,-6.5
2320,-6.3
2321,-6.2
2322,-6.1
2323,-6
2324,-5.8
2325,-5.7
2326,-5.2
2327,-5.1
2328,-5.4
2329,-6.1
2330,-7.1
2331,-6.2
2332,-6.5
2333,-5.1
2334,-4.4
2335,-3.7
2336,-3.3
2337,-3.5
2338,-3.3
2339,-3.4
2340,-3.3
2341,-2.9
2342,-2.4
2343,-2.1
2344,-1.7
2345,-1.4
2346,-0.8
2347,-0.5
2348,-0.4
2349,-0.3
2350,-0.1
2351,0.1
2352,0.3
2353,0.2
2354,0.8
2355,0.9
2356,0.6
2357,0.5
2358,0.7
2359,0.3
2360,-1.1
2361,-2.2
2362,-3.7
2363,-4.3
2364,-5
2365,-3.2
2366,-2.9
2367,-3.6
2368,-7.1
2369,-6.7
2370,-6.3
2371,-7
2372,-6.4
2373,-6.4
2374,-6.9
2375,-6.7
2376,-6
2377,-3.1
2378,-2.3
2379,-1.5
2380,-1.3
2381,-1.2
2382,-1.5
2383,-1.9
2384,-1.8
2385,-1.8
2386,-1.7
2387,-1.8
2388,-2
2389,-2.5
2390,-2.9
2391,-3
2392,-3
2393,-3.2
2394,-3.4
2395,-4
2396,-4.3
2397,-4.7
2398,-5
2399,-5.3
2400,-5.6
2401,-5.7
2402,-5.6
2403,-6.1
2404,-6.3
2405,-6.3
2406,-6.1
2407,-7.2
2408,-9.8
2409,-10.8
2410,-10.4
2411,-10.2
2412,-9.5
2413,-9.1
2414,-8.9
2415,-9.1
2416,-9.2
2417,-9.1
2418,-9
2419,-9
2420,-9
2421,-9.1
2422,-9.1
2423,-9.2
2424,-9.6
2425,-9.9
2426,-10.8
2427,-12
2428,-12.1
2429,-12.1
2430,-11.2
2431,-11.3
2432,-12.1
2433,-12.1
2434,-12.1
2435,-12
2436,-11.2
2437,-10.3
2438,-9.1
2439,-7.9
2440,-7.2
2441,-5.9
2442,-5
2443,-3.8
2444,-2.9
2445,-1.7
2446,-1
2447,0.2
2448,1.4
2449,2.1
2450,1.5
2451,1.1
2452,0.9
2453,1.8
2454,1.5
2455,1.1
2456,1
2457,1
2458,1.4
2459,1.8
2460,2.2
2461,2
2462,1.4
2463,2.7
2464,2.3
2465,1.4
2466,0.7
2467,-0.1
2468,1.3
2469,1.5
2470,0.6
2471,1
2472,0.5
2473,0.2
2474
2475,-0.3
2476,-0.6
2477,-0.9
2478,-0.6
2479,-1
2480,-1.7
2481,-1.7
2482,-1.7
2483,-1.6
2484,-1.6
2485,-2
2486,-2.2
2487,-2.5
2488,-2.7
2489,-3
2490,-3.5
2491,-3.7
2492,-4.1
2493,-4.4
2494,-4.1
2495,-4.8
2496,-7.6
2497,-8.8
2498,-7.6
2499,-7.1
2500,-8.2
2501,-10.3
2502,-11.1
2503,-11.6
2504,-11.8
2505,-11.9
2506,-11.2
2507,-9.7
2508,-9.1
2509,-9.2
2510,-9.4
2511,-10.1
2512,-9.9
2513,-9.9
2514,-9.8
2515,-9.4
2516,-9.1
2517,-8.5
2518,-8.3
2519,-7.9
2520,-7.8
2521,-7.7
2522,-7.4
2523,-7.1
2524,-6.3
2525,-5.7
2526,-5.5
2527,-5.3
2528,-5.3
2529,-5.2
2530,-5.3
2531,-5.1
2532,-5
2533,-5.1
2534,-5.1
2535,-5.3
2536,-5.7
2537,-6
2538,-6.3
2539,-6.8
2540,-7.2
2541,-7.8
2542,-8.2
2543,-8.5
2544,-8.6
2545,-8.7
2546,-8.7
2547,-8.7
2548,-9.1
2549,-8.6
2550,-8.4
2551,-8.4
2552,-8.4
2553,-7.9
2554,-8.8
2555,-8.6
2556,-8.3
2557,-8
2558,-8
2559,-7.8
2560,-7.5
2561,-7.2
2562,-7
2563,-7.1
2564,-7.4
2565,-8.2
2566,-7.7
2567,-7.8
2568,-8
2569,-8.6
2570,-8.8
2571,-9.3
2572,-10
2573,-11
2574,-11.2
2575,-12.8
2576,-14.5
2577,-15.3
2578,-15.7
2579,-16.2
2580,-15.9
2581,-16.2
2582,-17.9
2583,-18.6
2584,-18.9
2585,-18.9
2586,-17.3
2587,-15.5
2588,-13.1
2589,-12.6
2590,-12.2
2591,-11.8
2592,-11.2
2593,-10.9
2594,-10.8
2595,-10.9
2596,-10.9
2597,-10.9
2598,-10.7
2599,-10.7
2600,-11.2
2601,-12.2
2602,-14.8
2603,-15.5
2604,-17.3
2605,-17.5
2606,-19.1
2607,-21.5
2608,-21.3
2609,-22.2
2610,-22.4
2611,-22.8
2612,-22.9
2613,-21.5
2614,-20.4
2615,-20.1
2616,-19.4
2617,-19.3
2618,-19.3
2619,-18.9
2620,-18.3
2621,-18.8
2622,-18.9
2623,-20.2
2624,-20.6
2625,-21.2
2626,-18.4
2627,-16.2
2628,-14.5
2629,-17.4
2630,-19.6
2631,-21
2632,-19.4
2633,-20.8
2634,-22
2635,-22.3
2636,-21.7
2637,-19.2
2638,-19.1
2639,-19.1
2640,-18.9
2641,-19.8
2642,-19.7
2643,-18.7
2644,-18.3
2645,-20.6
2646,-19.1
2647,-18.4
2648,-17.4
2649,-17.4
2650,-16.4
2651,-15.6
2652,-15
2653,-14.3
2654,-15.6
2655,-19.2
2656,-19.6
2657,-21.2
2658,-22.5
2659,-23.5
2660,-22.5
2661,-23.1
2662,-20.6
2663,-20.8
2664,-22.6
2665,-23.9
2666,-24.6
2667,-24.2
2668,-23.5
2669,-23.9
2670,-25
2671,-26.4
2672,-25.7
2673,-25.2
2674,-23.5
2675,-23.7
2676,-22.6
2677,-23.7
2678,-23.9
2679,-24.7
2680,-22.6
2681,-22.3
2682,-23.8
2683,-25.6
2684,-25.6
2685,-26.6
2686,-26.9
2687,-27.3
2688,-27.9
2689,-26.8
2690,-27.2
2691,-27.8
2692,-28.1
2693,-28.5
2694,-28.1
2695,-28.3
2696,-28.7
2697,-28.7
2698,-28.3
2699,-26.8
2700,-23.7
2701,-22.5
2702,-21.3
2703,-20.7
2704,-18.3
2705,-16.6
2706,-15.7
2707,-19.4
2708,-21.1
2709,-22.2
2710,-23.4
2711,-20.2
2712,-20.1
2713,-19.2
2714,-19.3
2715,-20.6
2716,-20.6
2717,-20.7
2718,-22.2
2719,-22.4
2720,-22.3
2721,-22.1
2722,-20.4
2723,-19.7
2724,-19.9
2725,-19.8
2726,-19.3
2727,-18.2
2728,-16.6
2729,-16.2
2730,-14.4
2731,-12.5
2732,-11.8
2733,-11.1
2734,-10.7
2735,-10.4
2736,-10.3
2737,-10.7
2738,-11.6
2739,-10.7
2740,-10.8
2741,-11.9
2742,-13.4
2743,-16.1
2744,-18.5
2745,-20.2
2746,-21.2
2747,-20.6
2748,-20.8
2749,-21
2750,-22.2
2751,-23.8
2752,-25.3
2753,-26
2754,-26.6
2755,-27
2756,-27.8
2757,-28.1
2758,-28.2
2759,-28.2
2760,-27.9
2761,-27.7
2762,-25.7
2763,-24.5
2764,-26.3
2765,-26.6
2766,-26.7
2767,-27.9
2768,-28.9
2769,-28.4
2770,-27.6
2771,-26
2772,-24.8
2773,-24.6
2774,-24.7
2775,-24.1
2776,-24
2777,-23.9
2778,-23.4
2779,-23.2
2780,-22.5
2781,-22
2782,-22.1
2783,-21.6
2784,-21.2
2785,-20.8
2786,-20.3
2787,-20.1
2788,-20.4
2789,-19.9
2790,-20
2791,-19.2
2792,-20
2793,-20.1
2794,-19.6
2795,-18.7
2796,-17.6
2797,-16.2
2798,-16.3
2799,-17.6
2800,-18.4
2801,-18.5
2802,-18.5
2803,-18
2804,-17.7
2805,-17.6
2806,-17.3
2807,-17.4
2808,-18.2
2809,-18.3
2810,-18.5
2811,-19.1
2812,-19.6
2813,-20.1
2814,-20.6
2815,-21
2816,-21.2
2817,-21.5
2818,-20.9
2819,-20.1
2820,-19.6
2821,-19.6
2822,-19.7
2823,-19.9
2824,-19.9
2825,-19
2826,-17.6
2827,-16.7
2828,-17.2
2829,-18.4
2830,-19.3
2831,-19.9
2832,-20.3
2833,-21
2834,-21.2
2835,-22.5
2836,-20.2
2837,-21.5
2838,-20.1
2839,-20.1
2840,-22
2841,-22.3
2842,-21.7
2843,-22.6
2844,-22.1
2845,-20.8
2846,-22.8
2847,-24.9
2848,-26.6
2849,-27.6
2850,-27.8
2851,-28.2
2852,-28.3
2853,-27.3
2854,-26.3
2855,-26
2856,-25.3
2857,-24.8
2858,-24.7
2859,-25.4
2860,-25.9
2861,-25.6
2862,-25.8
2863,-25.4
2864,-24.9
2865,-24.4
2866,-23.3
2867,-22.1
2868,-21.8
2869,-20.4
2870,-20.2
2871,-19.4
2872,-18.8
2873,-18.6
2874,-18.3
2875,-17.7
2876,-16.6
2877,-15.6
2878,-14
2879,-13
2880,-12.9
2881,-12.8
2882,-12.6
2883,-12.5
2884,-12.5
2885,-12.4
2886,-12
2887,-11.7
2888,-11.7
2889,-11.3
2890,-10.6
2891,-10.5
2892,-10.7
2893,-10.1
2894,-9.7
2895,-9.7
2896,-9.6
2897,-9.4
2898,-9.2
2899,-9.1
2900,-8.8
2901,-8.7
2902,-8.4
2903,-8.5
2904,-8.8
2905,-9.1
2906,-9.3
2907,-9.5
2908,-9.6
2909,-9.8
2910,-9.9
2911,-10.1
2912,-10.2
2913,-10.1
2914,-10.1
2915,-9.8
2916,-9.6
2917,-9.6
2918,-9.7
2919,-9.9
2920,-10.4
2921,-10.5
2922,-10.9
2923,-11.6
2924,-11.2
2925,-11.4
2926,-12
2927,-14.3
2928,-15
2929,-15.4
2930,-15.9
2931,-14.5
2932,-14.5
2933,-14.5
2934,-15.6
2935,-16.5
2936,-15.7
2937,-15.8
2938,-16.3
2939,-16.3
2940,-13.9
2941,-14.5
2942,-14.5
2943,-14.3
2944,-13.9
2945,-13.6
2946,-13.3
2947,-13.1
2948,-12.7
2949,-12.4
2950,-12.3
2951,-12.1
2952,-11.8
2953,-11.7
2954,-11.6
2955,-12.6
2956,-13
2957,-13.7
2958,-15.3
2959,-15.2
2960,-16.7
2961,-17.9
2962,-17.6
2963,-17
2964,-17.1
2965,-16.7
2966,-16.5
2967,-16.7
2968,-17.5
2969,-17.3
2970,-16.9
2971,-19.5
2972,-21.5
2973,-22.5
2974,-22.9
2975,-23.8
2976,-24.1
2977,-23.6
2978,-23.2
2979,-23.2
2980,-19.3
2981,-17.6
2982,-14.9
2983,-13.1
2984,-14.5
2985,-15.2
2986,-15.3
2987,-15.2
2988,-14.9
2989,-15.1
2990,-15.3
2991,-15.8
2992,-15.7
2993,-16
2994,-16.5
2995,-16.8
2996,-17.5
2997,-18.3
2998,-18.5
2999,-18.8
3000,-18.9
3001,-18.8
3002,-17.7
3003,-18
3004,-17.9
3005,-17.7
3006,-17.9
3007,-18.3
3008,-18.5
3009,-18
3010,-17.8
3011,-16.7
3012,-15.5
3013,-14.9
3014,-14.5
3015,-13.9
3016,-13.4
3017,-13.1
3018,-12.9
3019,-12.4
3020,-11.7
3021,-11.9
3022,-11.2
3023,-11.2
3024,-11.1
3025,-11
3026,-10.9
3027,-10.6
3028,-10.6
3029,-10.6
3030,-10.4
3031,-10.6
3032,-10.6
3033,-10.6
3034,-10.3
3035,-10
3036,-9.8
3037,-9.7
3038,-9.8
3039,-9.8
3040,-9.8
3041,-10
3042,-9.9
3043,-9.8
3044,-9.8
3045,-9.9
3046,-10.3
3047,-10.8
3048,-11.4
3049,-12.3
3050,-13
3051,-14.6
3052,-17.6
3053,-18.1
3054,-18.1
3055,-17.7
3056,-16.7
3057,-17
3058,-17.9
3059,-17
3060,-16.4
3061,-15.6
3062,-17.4
3063,-19.7
3064,-21.9
3065,-23.5
3066,-24.7
3067,-25.4
3068,-26.1
3069,-27.7
3070,-28.2
3071,-29.3
3072,-29.4
3073,-29.3
3074,-29.4
3075,-25
3076,-22.9
3077,-22.2
3078,-21.3
3079,-20.7
3080,-20.4
3081,-20.9
3082,-20.3
3083,-18.8
3084,-17.7
3085,-17.6
3086,-17.6
3087,-18.7
3088,-19.4
3089,-21
3090,-21.4
3091,-20.9
3092,-21.7
3093,-21.5
3094,-21.5
3095,-21.9
3096,-21.5
3097,-19.8
3098,-17.9
3099,-16.3
3100,-14.8
3101,-14.2
3102,-12.8
3103,-11.4
3104,-9.5
3105,-8.7
3106,-7.9
3107,-6.6
3108,-5.9
3109,-5
3110,-4.7
3111,-5.8
3112,-6.3
3113,-6.6
3114,-6.3
3115,-7.5
3116,-8.6
3117,-10
3118,-10.3
3119,-10.2
3120,-10
3121,-9.7
3122,-9.4
3123,-8.8
3124,-8.5
3125,-8.2
3126,-7.6
3127,-7.1
3128,-6.5
3129,-5.7
3130,-4.7
3131,-3.7
3132,-3
3133,-2
3134,-1.2
3135,-1.1
3136,-0.7
3137,-0.5
3138,-0.3
3139,-0.3
3140,-0.3
3141,-0.3
3142,-0.2
3143,-0.2
3144,-0.3
3145,-0.1
3146,0.1
3147,0.1
3148
3149,-4.7
3150,-6.1
3151,-6.3
3152,-6.7
3153,-6.7
3154,-6.9
3155,-6.6
3156,-6
3157,-6.4
3158,-5.5
3159,-5
3160,-4.5
3161,-3.5
3162,-2.2
3163,-1.1
3164,-0.6
3165,-0.1
3166,0.1
3167,0.2
3168,0.3
3169,0.2
3170,0.3
3171,0.3
3172,0.3
3173,0.4
3174,0.3
3175,0.3
3176,0.6
3177,0.7
3178,0.8
3179,0.9
3180,1
3181,1
3182,1
3183,0.7
3184,0.5
3185,0.2
3186,0.2
3187,0.4
3188,1
3189,1
3190,0.9
3191,0.2
3192,-1.2
3193,-2.5
3194,-2.6
3195,-2.4
3196,-1.9
3197,-1.5
3198,-0.7
3199
3200,-1.3
3201,-2.4
3202,-1.9
3203,-2.1
3204,-2.4
3205,-2.5
3206,-3.3
3207,-4.7
3208,-6.9
3209,-8.8
3210,-8.7
3211,-10.3
3212,-12
3213,-11
3214,-13.7
3215,-15.3
3216,-16.3
3217,-15.9
3218,-16.1
3219,-16.9
3220,-18
3221,-18.2
3222,-18.8
3223,-18.7
3224,-18.7
3225,-15.3
3226,-10.6
3227,-8.5
3228,-7.8
3229,-7.9
3230,-7.3
3231,-7.3
3232,-9.5
3233,-11.9
3234,-12.3
3235,-12.6
3236,-11.1
3237,-11.7
3238,-10.3
3239,-9.9
3240,-11.8
3241,-13
3242,-14.1
3243,-14.2
3244,-14.7
3245,-13.6
3246,-13.5
3247,-13.2
3248,-12.7
3249,-11.3
3250,-10.4
3251,-9.3
3252,-8
3253,-7.5
3254,-7.5
3255,-6.8
3256,-6.8
3257,-6.8
3258,-6.6
3259,-7
3260,-6.7
3261,-6.5
3262,-6.6
3263,-6.6
3264,-6.7
3265,-8.8
3266,-11.4
3267,-13.4
3268,-14.4
3269,-14.6
3270,-12.7
3271,-11.4
3272,-10.9
3273,-9.1
3274,-8
3275,-6.9
3276,-6.3
3277,-4.9
3278,-1.8
3279,0.4
3280,0.9
3281,1.8
3282,3.1
3283,4
3284,3.7
3285,4.3
3286,4.3
3287,3.7
3288,3.5
3289,3.6
3290,3.5
3291,3.9
3292,3.1
3293,3.1
3294,3.5
3295,3.1
3296,3.3
3297,3
3298,3.2
3299,3
3300,2.8
3301,2.3
3302,2
3303,1.6
3304,1
3305,0.4
3306,-0.2
3307,-0.3
3308,-1
3309,-1.2
3310,-0.5
3311,-1.1
3312,-1.4
3313,-1
3314,-0.7
3315,-0.1
3316,-0.8
3317,-0.7
3318,-0.3
3319
3320,0.1
3321,1.3
3322,2
3323,2.4
3324,3.4
3325,4.1
3326,4.1
3327,3.7
3328,3.5
3329,3.6
3330,3
3331,2.6
3332,2.3
3333,2.3
3334,1.8
3335,2.6
3336,2.3
3337,2.4
3338,2
3339,1.1
3340,-0.3
3341,-1
3342,-1.6
3343,-1.6
3344,-1.6
3345,-2
3346,-1.9
3347,-1.7
3348,-1.9
3349,-1.8
3350,-2.5
3351,-3.2
3352,-4.1
3353,-6
3354,-8.6
3355,-10.3
3356,-11.5
3357,-12.3
3358,-13.5
3359,-12.8
3360,-12.1
3361,-12.4
3362,-11.5
3363,-9.2
3364,-9.1
3365,-9.3
3366,-7.7
3367,-6.9
3368,-5.8
3369,-4.8
3370,-4.8
3371,-4.4
3372,-3.8
3373,-3.5
3374,-3.2
3375,-2.8
3376,-2.5
3377,-2.2
3378,-1.5
3379,-0.5
3380,0.4
3381,0.3
3382,0.2
3383
3384,-0.6
3385
3386,0.1
3387,0.2
3388,0.5
3389,0.4
3390,-0.2
3391,0.5
3392,0.5
3393,1.2
3394,1.5
3395,1.8
3396,1.9
3397,1.6
3398,1.7
3399,1.4
3400,1.2
3401,1.2
3402,1
3403,1.4
3404,1.3
3405,1.2
3406,1.2
3407,1
3408,0.8
3409,0.8
3410,0.8
3411,-0.6
3412,-1.9
3413,-5.3
3414,-6.5
3415,-6.5
3416,-6.3
3417,-6.3
3418,-6.6
3419,-5.7
3420,-5.5
3421,-5.2
3422,-4.9
3423,-4.9
3424,-5.6
3425,-7.1
3426,-8.3
3427,-9
3428,-10.5
3429,-11.2
3430,-13.3
3431,-15
3432,-15.6
3433,-15.9
3434,-17
3435,-16.8
3436,-17.7
3437,-21.1
3438,-21.4
3439,-21
3440,-20.9
3441,-17.2
3442,-14.9
3443,-13.4
3444,-12.1
3445,-11.9
3446,-12.1
3447,-13.7
3448,-16.6
3449,-18.7
3450,-20.9
3451,-22.1
3452,-22.3
3453,-23.3
3454,-23.6
3455,-19
3456,-19.6
3457,-20.5
3458,-19.7
3459,-19.5
3460,-20.5
3461,-21.6
3462,-21.1
3463,-19.9
3464,-19.2
3465,-15.6
3466,-11.2
3467,-8.4
3468,-6.8
3469,-4.8
3470,-4.4
3471,-4.1
3472,-4.4
3473,-4.4
3474,-4.8
3475,-3.7
3476,-2.6
3477,-1.8
3478,-1
3479,-0.4
3480
3481,0.5
3482,0.8
3483,1.4
3484,1.5
3485,1.6
3486,2
3487,2.2
3488,3.6
3489,4.2
3490,4.9
3491,5.6
3492,5.1
3493,3.8
3494,3.7
3495,2.8
3496,2.9
3497,2.9
3498,2.4
3499,3.8
3500,3.1
3501,0.8
3502,-1
3503,-1.7
3504,-1.2
3505,1.3
3506,1.4
3507,1.3
3508,2
3509,0.4
3510,1
3511,0.2
3512,0.6
3513,2
3514,3.8
3515,5
3516,5.2
3517,4.2
3518,3.1
3519,3
3520,2.5
3521,2
3522,2.1
3523,1.9
3524,1.7
3525,3.2
3526,2.9
3527,3
3528,2.8
3529,2.3
3530,3.7
3531,3.9
3532,3.8
3533,3.7
3534,3.6
3535,3.7
3536,3.5
3537,3.6
3538,5
3539,5.6
3540,6.1
3541,5.7
3542,4.6
3543,4.5
3544,3.6
3545,3.6
3546,3.3
3547,2.7
3548,2.1
3549,0.5
3550,-0.1
3551,0.6
3552,0.3
3553,-0.2
3554,-0.3
3555,-0.8
3556,-2.7
3557,-2.2
3558,-1.8
3559,-2.1
3560,-1.4
3561,-0.6
3562,0.1
3563,1.6
3564,2.1
3565,1.7
3566,0.7
3567,0.2
3568,-1.8
3569,-2.9
3570,-2.2
3571,-2.7
3572,-3
3573,-2.2
3574,-0.8
3575
3576,0.8
3577,1
3578,1.9
3579,2.1
3580,2.8
3581,2.6
3582,2.9
3583,2.9
3584,3.2
3585,4
3586,4.9
3587,4.4
3588,4.2
3589,3.5
3590,3.1
3591,4.2
3592,4
3593,3.2
3594,2.2
3595,1.8
3596,1.4
3597,0.7
3598,1.5
3599,1.6
3600,1.6
3601,1.1
3602,1.1
3603,1.2
3604,0.1
3605,-0.3
3606,-0.7
3607,-1.9
3608,-2.6
3609,-3.7
3610,-3.7
3611,-3.5
3612,-3.5
3613,-4
3614,-4.4
3615,-4.5
3616,-5.4
3617,-6.5
3618,-7.1
3619,-7.8
3620,-8.9
3621,-10.2
3622,-11.3
3623,-12
3624,-13.3
3625,-14.9
3626,-14.8
3627,-15.1
3628,-15.7
3629,-16.2
3630,-16.5
3631,-15.2
3632,-11.1
3633,-8.7
3634,-5.8
3635,-4.2
3636,-3.6
3637,-3.2
3638,-3.4
3639,-3.4
3640,-3.9
3641,-4.2
3642,-3.6
3643,-3.4
3644,-2.9
3645,-3
3646,-3.9
3647,-5.6
3648,-5.1
3649,-6.1
3650,-7.1
3651,-6.2
3652,-5.4
3653,-5.2
3654,-5
3655,-4.8
3656,-4.7
3657,-4.5
3658,-4.2
3659,-4.5
3660,-5.6
3661,-6.1
3662,-6.8
3663,-6.9
3664,-7.1
3665,-7.6
3666,-8.4
3667,-9.4
3668,-10.1
3669,-11.2
3670,-11.7
3671,-12.5
3672,-13.2
3673,-13.5
3674,-13.9
3675,-14.8
3676,-16.4
3677,-16.1
3678,-22.1
3679,-23.5
3680,-21.8
3681,-15.6
3682,-12.5
3683,-10.4
3684,-11
3685,-8.6
3686,-9.9
3687,-11.7
3688,-13.5
3689,-17.5
3690,-19.4
3691,-20.7
3692,-22.9
3693,-23.1
3694,-23.7
3695,-23.5
3696,-23.5
3697,-21.2
3698,-20.8
3699,-18.3
3700,-17.3
3701,-16.5
3702,-16.2
3703,-16.2
3704,-15
3705,-13.9
3706,-12.4
3707,-10.7
3708,-9.7
3709,-9.7
3710,-9.1
3711,-9.5
3712,-10.9
3713,-13.7
3714,-15.3
3715,-18
3716,-18.4
3717,-17.8
3718,-19.7
3719,-20.6
3720,-18.6
3721,-18.1
3722,-14.7
3723,-14.6
3724,-16.1
3725,-17.4
3726,-18.8
3727,-18.7
3728,-17.7
3729,-16.5
3730,-14.9
3731,-14
3732,-13
3733,-11.2
3734,-11.6
3735,-12.6
3736,-12.8
3737,-16.3
3738,-18.6
3739,-15.6
3740,-14.6
3741,-13.6
3742,-13
3743,-12.4
3744,-10.9
3745,-10.6
3746,-9.7
3747,-8.2
3748,-8
3749,-8.1
3750,-8.5
3751,-8.2
3752,-7.7
3753,-6.2
3754,-6
3755,-5.2
3756,-4.7
3757,-4.8
3758,-5
3759,-5.2
3760,-5.6
3761,-5.9
3762,-6
3763,-6.2
3764,-6.4
3765,-6.3
3766,-6.3
3767,-6.9
3768,-6.9
3769,-6.8
3770,-6.8
3771,-7.8
3772,-8.5
3773,-10.4
3774,-10.5
3775,-10.9
3776,-8.7
3777,-6.1
3778,-4.4
3779,-2.3
3780,-1.5
3781,-2.8
3782,-2
3783,-2.8
3784,-2.9
3785,-4.1
3786,-4.1
3787,-4.2
3788,-4.1
3789,-4.3
3790,-4.5
3791,-4.7
3792,-4.7
3793,-4.4
3794,-4.4
3795,-4.3
3796,-4.1
3797,-4.1
3798,-3.9
3799,-3.5
3800,-3.2
3801,-3.1
3802,-2.9
3803,-2.3
3804,-1.8
3805,-1.6
3806,-0.9
3807,-0.1
3808,0.4
3809,0.8
3810,1.1
3811,1.5
3812,1.7
3813,1.2
3814,1.1
3815,1.3
3816,1.3
3817,1.1
3818,0.9
3819,0.9
3820,0.7
3821,-0.5
3822,-2.9
3823,-4.6
3824,-4.9
3825,-4.8
3826,-4.5
3827,-4.9
3828,-4.7
3829,-5.3
3830,-5.2
3831,-5.9
3832,-6.3
3833,-6.9
3834,-7.7
3835,-8.3
3836,-9
3837,-10.7
3838,-11.4
3839,-12.2
3840,-13.1
3841,-13.8
3842,-12.5
3843,-10.9
3844,-11.4
3845,-12.8
3846,-14.3
3847,-12.7
3848,-11
3849,-10.2
3850,-8.3
3851,-6.2
3852,-4.9
3853,-4.3
3854,-4.2
3855,-4.4
3856,-5.2
3857,-7.1
3858,-10.2
3859,-8.3
3860,-7.2
3861,-6.8
3862,-5.8
3863,-5.2
3864,-5.3
3865,-5.4
3866,-5.3
3867,-5.2
3868,-5.2
3869,-5
3870,-5.2
3871,-5.4
3872,-5.4
3873,-5.2
3874,-5.2
3875,-5
3876,-4.5
3877,-4
3878,-3.7
3879,-3.7
3880,-3.9
3881,-4
3882,-4
3883,-3.9
3884,-4.1
3885,-4
3886,-4.9
3887,-6.1
3888,-7.1
3889,-8.8
3890,-9.9
3891,-10.8
3892,-12.2
3893,-13.2
3894,-14.3
3895,-13.3
3896,-11.6
3897,-9.9
3898,-7.4
3899,-5.3
3900,-5.3
3901,-5
3902,-5
3903,-4.8
3904,-7.2
3905,-9.6
3906,-12.6
3907,-15.2
3908,-17.1
3909,-17.2
3910,-19.7
3911,-19.4
3912,-19.6
3913,-20
3914,-19.1
3915,-18.6
3916,-18.8
3917,-17.7
3918,-17.7
3919,-16.7
3920,-13.5
3921,-9.9
3922,-7.1
3923,-5.3
3924,-3.7
3925,-2.9
3926,-2.4
3927,-2.6
3928,-3.3
3929,-4.2
3930,-4.5
3931,-5.2
3932,-5.8
3933,-5.8
3934,-6
3935,-6.2
3936,-5.7
3937,-5.2
3938,-4.6
3939,-4.4
3940,-4.4
3941,-4.4
3942,-4.3
3943,-4
3944,-3.5
3945,-3.3
3946,-2.8
3947,-1.6
3948,-1.2
3949,-1
3950,-0.8
3951,-0.4
3952,-0.6
3953,-0.6
3954,-0.5
3955,-0.4
3956,-0.2
3957
3958,-0.2
3959
3960,0.1
3961,0.2
3962,0.2
3963,0.1
3964,-0.6
3965,-0.7
3966,-0.7
3967,-0.5
3968
3969,0.4
3970,0.8
3971,0.2
3972,0.9
3973,0.9
3974,0.8
3975,0.5
3976,0.8
3977,0.3
3978,0.3
3979,0.2
3980,0.2
3981,0.2
3982,0.2
3983,0.3
3984,0.2
3985,0.3
3986,0.3
3987,0.1
3988,0.2
3989,0.3
3990
3991,0.3
3992,0.6
3993,1
3994,1.8
3995,2.4
3996,2.4
3997,2.7
3998,2.7
3999,2.2
4000,1.6
4001,1.1
4002,0.6
4003,0.7
4004,0.7
4005,0.6
4006,0.7
4007,0.4
4008,0.4
4009,0.4
4010,0.5
4011,0.4
4012,0.2
4013,0.2
4014,0.1
4015,0.4
4016,0.9
4017,1.4
4018,1.6
4019,1.9
4020,1.7
4021,1.6
4022,1.8
4023,1.6
4024,1.6
4025,1.5
4026,1.3
4027,1.2
4028,1.3
4029,1.3
4030,1.2
4031,1.2
4032,1
4033,0.8
4034,0.9
4035,0.7
4036,0.8
4037,0.4
4038,0.6
4039,0.8
4040,1.1
4041,1.8
4042,1.8
4043,1.6
4044,1.4
4045,1
4046,2.1
4047,2.2
4048,2.1
4049,1.7
4050,1.3
4051,1
4052,0.6
4053,0.6
4054,0.6
4055,0.5
4056,0.3
4057,0.5
4058,0.6
4059,0.6
4060,0.4
4061,0.3
4062,0.4
4063,0.3
4064,-0.1
4065,-0.2
4066,0.2
4067,0.5
4068,0.1
4069,-0.1
4070,0.3
4071,0.3
4072,0.3
4073,0.2
4074,0.1
4075,-0.1
4076,-0.3
4077,-0.4
4078,-0.5
4079,-0.7
4080,-0.8
4081,-0.8
4082,-0.7
4083,-0.8
4084,-1
4085,-0.9
4086,-0.9
4087,-0.8
4088,-0.8
4089,-0.6
4090,-0.1
4091,0.3
4092,0.5
4093,0.4
4094,0.7
4095,0.1
4096,-0.2
4097,-0.6
4098,-1.1
4099,-1
4100,-1.1
4101,-1.6
4102,-1.5
4103,-1.3
4104,-1.2
4105,-1.3
4106,-1.9
4107,-2.3
4108,-2.3
4109,-2.2
4110,-2.5
4111,-2.5
4112,-1.3
4113,1.3
4114,2.8
4115,3.9
4116,3.4
4117,3.8
4118,3.9
4119,4
4120,2.6
4121,2.5
4122,2.9
4123,3.1
4124,2.9
4125,2.3
4126,1.7
4127,1.6
4128,1.4
4129,1.2
4130,0.7
4131,0.1
4132,-0.4
4133,-1.2
4134,-1.6
4135,-1.3
4136,-1
4137,-0.2
4138,0.2
4139,1.2
4140,2.1
4141,1.8
4142,1.1
4143,1.6
4144,1.4
4145,-0.5
4146,-3.3
4147,-1.7
4148,-0.5
4149,0.1
4150,-0.1
4151,1.2
4152,1.5
4153,-0.1
4154,-0.4
4155,0.2
4156,0.6
4157,1.7
4158,1.8
4159,1.1
4160,1.8
4161,1.7
4162,2
4163,2.1
4164,1.7
4165,0.9
4166,1.4
4167,2.3
4168,2.6
4169,2.8
4170,2.5
4171,2.4
4172,1.8
4173,1.2
4174,0.6
4175,2.4
4176,2.2
4177,3
4178,2.6
4179,2.6
4180,2.8
4181,2.6
4182,2.3
4183,2.8
4184,2.7
4185,3.4
4186,3.5
4187,3.2
4188,3
4189,-0.1
4190,2.8
4191,2.8
4192,2.7
4193,1.7
4194,1.3
4195,0.9
4196,0.2
4197,0.2
4198,2.5
4199,2.3
4200,2.2
4201,1.5
4202,0.4
4203,-0.5
4204,-0.9
4205,-1.5
4206,-1.4
4207,-1.2
4208,-0.4
4209,-0.3
4210,0.6
4211,1.7
4212,1.3
4213,1.4
4214,0.7
4215,0.2
4216,-0.8
4217,-1.1
4218,-2.9
4219,-3.8
4220,-5.9
4221,-7.1
4222,-7.6
4223,-8.5
4224,-10.3
4225,-9.9
4226,-9.1
4227,-8.8
4228,-9
4229,-9.1
4230,-9.8
4231,-6.4
4232,-4.5
4233,-3.7
4234,-3
4235,-2
4236,-1.4
4237,-1
4238,-0.6
4239,-0.4
4240,-0.7
4241,-1.4
4242,-3.6
4243,-5.3
4244,-7.9
4245,-8.7
4246,-9.6
4247,-10.8
4248,-11
4249,-10.3
4250,-10.6
4251,-10.2
4252,-9.1
4253,-8.8
4254,-7.8
4255,-6
4256,-2.5
4257,-1
4258,0.1
4259,0.3
4260,0.5
4261,-0.4
4262,-0.7
4263,0.4
4264,0.7
4265,0.7
4266,-1.2
4267,-2.4
4268,-3.4
4269,-4.7
4270,-5.2
4271,-5.9
4272,-6.4
4273,-6.9
4274,-5.8
4275,-5.5
4276,-4.7
4277,-4.3
4278,-2.3
4279,-0.4
4280,2.1
4281,2.8
4282,4.5
4283,5.2
4284,5.9
4285,6.3
4286,4.9
4287,4.2
4288,4.4
4289,4.8
4290,6
4291,6.7
4292,6.6
4293,7.5
4294,7.8
4295,7.8
4296,6.9
4297,7.7
4298,7.5
4299,7.9
4300,7.3
4301,7.3
4302,7.3
4303,7.9
4304,8
4305,9
4306,8.2
4307,7.8
4308,7.9
4309,6
4310,6.2
4311,4.4
4312,3.5
4313,3.2
4314,2.3
4315,2
4316,1.8
4317,1.6
4318,1
4319,0.1
4320,0.1
4321
4322,0.9
4323,0.8
4324,0.3
4325,0.7
4326,1.4
4327,2.4
4328,3.2
4329,2.9
4330,2.8
4331,3
4332,3
4333,3.3
4334,3.4
4335,3.3
4336,2.9
4337,2.1
4338,2
4339,2.2
4340,0.2
4341,-0.8
4342,-1.1
4343,-1.8
4344,-2.4
4345,-2.5
4346,-3.8
4347,-3.9
4348,-3.2
4349,-3.1
4350,-2.5
4351,-1.4
4352,-0.7
4353,0.4
4354,0.5
4355,0.5
4356,0.8
4357,0.9
4358,1.6
4359,1.7
4360,1.1
4361,1.3
4362,1.6
4363,0.4
4364,-0.9
4365,-2.5
4366,-3.5
4367,-5.2
4368,-5.9
4369,-2
4370,-1.4
4371,-1.5
4372,-2.2
4373,-2.6
4374,-2.7
4375,-1.3
4376,-0.7
4377,0.2
4378,1.2
4379,2.9
4380,3
4381,3.2
4382,1.7
4383,0.9
4384,0.6
4385,0.8
4386,1
4387,0.6
4388,-0.4
4389,-0.2
4390,1.7
4391,1.1
4392,0.4
4393,-0.2
4394,-2.4
4395,-1
4396,-0.6
4397,-1.4
4398,-0.3
4399,1.9
4400,4.1
4401,5.7
4402,6.7
4403,7.4
4404,6.8
4405,6
4406,7.1
4407,6.7
4408,6.2
4409,4.9
4410,3.7
4411,2.5
4412,1.8
4413,-0.4
4414,1.7
4415,1
4416,0.8
4417,1.3
4418,1.4
4419,0.2
4420,-1.3
4421,-1.4
4422,-0.4
4423,1.1
4424,3.9
4425,5.3
4426,6.2
4427,7.2
4428,8.1
4429,8.3
4430,8.4
4431,8.1
4432,7.8
4433,6.5
4434,4.6
4435,2.3
4436,0.4
4437,0.2
4438,-0.7
4439,-0.6
4440,-1.8
4441
4442,1.3
4443,1.4
4444,1.8
4445,2.2
4446,3.1
4447,1.2
4448,1.3
4449,1.2
4450,1.7
4451,2
4452,2.1
4453,3.2
4454,2
4455,1.4
4456,0.7
4457,0.3
4458,0.2
4459,0.3
4460,0.4
4461,0.4
4462,0.2
4463,0.1
4464,-0.2
4465,-0.5
4466,-0.7
4467,-0.9
4468,-1.2
4469,-1.8
4470,-1.7
4471,-1.1
4472,0.5
4473,1.4
4474,1.8
4475,1.8
4476,2.1
4477,2.5
4478,2.6
4479,2.6
4480,2.4
4481,2.2
4482,2
4483,1.7
4484,1.6
4485,1.4
4486,1.3
4487,-0.2
4488,0.3
4489,0.5
4490,0.7
4491,0.4
4492,0.5
4493,0.6
4494,0.5
4495,1.8
4496,2.8
4497,4.2
4498,6.3
4499,8.1
4500,9.8
4501,11.3
4502,11.9
4503,11.1
4504,9.8
4505,9
4506,6.4
4507,2.8
4508,1.2
4509,0.1
4510,-1.2
4511,-0.5
4512,0.2
4513,-0.6
4514,-0.9
4515,-0.8
4516,-1.3
4517,-1.1
4518,0.4
4519,2.6
4520,5
4521,5.9
4522,7.7
4523,9.8
4524,1
4525,11.1
4526,10.2
4527,8.3
4528,7.5
4529,6.7
4530,5.7
4531,4.6
4532,3.3
4533,2.2
4534,1.7
4535,1.4
4536,0.7
4537,0.2
4538,0.1
4539,-0.1
4540,-0.1
4541,-0.3
4542,-0.3
4543
4544,-0.1
4545,-0.5
4546,0.2
4547,0.9
4548,0.9
4549,1
4550,1.2
4551,1
4552,1
4553,1.1
4554,0.8
4555,0.7
4556,0.6
4557,0.4
4558,0.1
4559,-0.1
4560,-0.4
4561,-1.1
4562,-0.9
4563,-1.2
4564,-1.6
4565,-1.8
4566,-1.5
4567,-1.3
4568,-1.1
4569,-0.6
4570,0.1
4571,0.6
4572,1.3
4573,1.3
4574,1.3
4575,0.9
4576,0.7
4577,0.2
4578,-0.5
4579,-1.1
4580,-1.7
4581,-1.9
4582,-2.2
4583,-2.8
4584,-3.6
4585,-3.8
4586,-4.1
4587,-4.7
4588,-5.2
4589,-5.2
4590,-4.7
4591,-3.5
4592,-2.2
4593,-1.2
4594,-0.4
4595,0.3
4596,1
4597,1.6
4598,1.7
4599,1.8
4600,1.7
4601,1.4
4602,0.5
4603,-0.7
4604,-1.6
4605,-2.1
4606,-2.5
4607,-3.1
4608,-4.1
4609,-5.2
4610,-5.5
4611,-6.2
4612,-6.2
4613,-6.1
4614,-5.3
4615,-3.9
4616,-2.4
4617,-1.6
4618,-0.6
4619,-0.3
4620,0.4
4621
4622,0.4
4623,1
4624,1.8
4625,1.4
4626,1
4627,0.9
4628,0.5
4629,-0.2
4630,-1.8
4631,-3.2
4632,-4.6
4633,-5.4
4634,-5.6
4635,-6.8
4636,-5.8
4637,-4.1
4638,-2.1
4639,0.2
4640,1.7
4641,2.4
4642,3.1
4643,4.4
4644,4.6
4645,4.8
4646,5.1
4647,4.4
4648,3.5
4649,2.3
4650,1.4
4651,0.9
4652,0.7
4653,0.5
4654,0.1
4655,0.2
4656,0.2
4657,0.9
4658,1.2
4659,0.9
4660,0.6
4661,0.6
4662,1.6
4663,2.1
4664,2.8
4665,3.2
4666,3.6
4667,4.3
4668,4.7
4669,5.4
4670,5.2
4671,4.6
4672,4.4
4673,2.6
4674,1.6
4675,1
4676,0.6
4677,-0.2
4678,-0.8
4679,0.2
4680,-0.1
4681,-0.2
4682,-0.6
4683,-0.7
4684,-0.6
4685,0.5
4686,2.2
4687,3.3
4688,4.2
4689,4.5
4690,4.6
4691,4.7
4692,4.9
4693,5.1
4694,5.2
4695,4.3
4696,3.6
4697,2.4
4698,1.6
4699,0.7
4700,-0.1
4701,-2.1
4702,-2.7
4703,-1.4
4704,-0.4
4705,-0.2
4706
4707,-0.3
4708,-1.2
4709,0.2
4710,2.2
4711,3.2
4712,3.8
4713,4.5
4714,5.4
4715,5.5
4716,6.1
4717,5.8
4718,5.8
4719,4.8
4720,4.3
4721,3.2
4722,1.7
4723
4724,-1.4
4725,-2.3
4726,-2.7
4727,-3.2
4728,-3.6
4729,-4.2
4730,-4.7
4731,-5.4
4732,-5.5
4733,-4.5
4734,0.3
4735,3
4736,4.9
4737,5.8
4738,7.4
4739,8.3
4740,9.2
4741,8.4
4742,8.2
4743,8.7
4744,7.1
4745,6.7
4746,5.3
4747,1.6
4748,-0.3
4749,-1.5
4750,-2.3
4751,-2.9
4752,-3.4
4753,-3.7
4754,-4.1
4755,-4.2
4756,-3.9
4757,-3
4758,-1
4759,2.4
4760,5.3
4761,8.4
4762,8.5
4763,7.4
4764,7.9
4765,7.3
4766,6.4
4767,6
4768,5.7
4769,4.3
4770,2.7
4771,1.1
4772,-0.9
4773,-2.3
4774,-2.8
4775,-3.5
4776,-3.8
4777,-4.1
4778,-4.9
4779,-5.7
4780,-5.7
4781,-3.8
4782,-1.5
4783,3.4
4784,5.7
4785,8.1
4786,7.4
4787,9.1
4788,10.6
4789,10.5
4790,9.9
4791,8.8
4792,1
4793,9.6
4794,7.6
4795,4.5
4796,2
4797,0.9
4798,0.7
4799,0.6
4800,0.6
4801,1.3
4802,0.7
4803,0.3
4804,1.6
4805,1.9
4806,4.8
4807,5.3
4808,5.4
4809,5.8
4810,6.7
4811,8
4812,7.8
4813,7.8
4814,8.9
4815,7.3
4816,6.6
4817,6.1
4818,3.2
4819,1.8
4820,-0.6
4821,-1.5
4822,-1.4
4823,-2.1
4824,-2.4
4825,-2.4
4826,-1.1
4827,-0.3
4828,0.3
4829,1.1
4830,2.4
4831,3.9
4832,5.4
4833,7.6
4834,9.4
4835,10.7
4836,10.8
4837,10.6
4838,10.1
4839,8.5
4840,8.8
4841,9.4
4842,8.5
4843,5.4
4844,3.3
4845,2.7
4846,2.1
4847,1.5
4848,2.3
4849,2.8
4850,3.6
4851,3.2
4852,4.2
4853,4.7
4854,5.7
4855,7.2
4856,9.5
4857,9.9
4858,9.9
4859,9.8
4860,9.8
4861,9.3
4862,9
4863,8.9
4864,7.5
4865,5.3
4866,4
4867,3.8
4868,4.2
4869,3.7
4870,3.4
4871,3.3
4872,3.2
4873,2.9
4874,3
4875,2.9
4876,2.6
4877,2.7
4878,4.5
4879,5.3
4880,6.7
4881,7.7
4882,8.5
4883,8.6
4884,8.8
4885,9.3
4886,9.3
4887,10.1
4888,10.5
4889,9.6
4890,8.9
4891,7.3
4892,6.8
4893,5.4
4894,5.6
4895,6
4896,4.8
4897,4.2
4898,4.3
4899,4.3
4900,4.4
4901,6.5
4902,8.6
4903,1
4904,11.7
4905,12.6
4906,13.9
4907,13.5
4908,13.1
4909,14.1
4910,13
4911,12
4912,12.3
4913,11.2
4914,9.7
4915,7.5
4916,6.8
4917,6.2
4918,6.9
4919,6.8
4920,6.4
4921,4.8
4922,4.1
4923,3.6
4924,3.8
4925,6.2
4926,8.3
4927,8.9
4928,8.7
4929,9.7
4930,11
4931,12.2
4932,13.6
4933,14.3
4934,11.9
4935,10.6
4936,9
4937,7.1
4938,7.1
4939,6.2
4940,3.4
4941,2.1
4942,1.3
4943,0.4
4944,0.5
4945,-0.9
4946,-1.4
4947,-1.9
4948,-1.7
4949,1.1
4950,5.7
4951,6.9
4952,8.7
4953,10.2
4954,13.1
4955,14.5
4956,14.4
4957,14.1
4958,13.8
4959,14.9
4960,13.7
4961,12.4
4962,10.2
4963,8
4964,4.3
4965,2.1
4966,0.8
4967,-0.2
4968,-0.4
4969,-0.9
4970,-1.2
4971,-1.7
4972,-1.6
4973,0.5
4974,5.3
4975,9
4976,12.7
4977,14.8
4978,15.8
4979,17.1
4980,16
4981,17.8
4982,17.9
4983,17.3
4984,16.6
4985,14.7
4986,12.2
4987,9.6
4988,6.1
4989,5.7
4990,3.2
4991,1.6
4992,-0.1
4993,-0.3
4994,0.2
4995,0.9
4996,0.4
4997,3.9
4998,5.7
4999,7.8
5000,11.5
5001,13
5002,13.5
5003,13.7
5004,13.3
5005,13
5006,12.7
5007,11.8
5008,10.8
5009,9.8
5010,8.4
5011,6.5
5012,4.6
5013,3.2
5014,2.2
5015,1.1
5016,-0.6
5017,-1.1
5018,-1
5019,-1.6
5020,-1.8
5021,0.5
5022,2.7
5023,4.3
5024,4.7
5025,6.5
5026,7.8
5027,8.2
5028,9.2
5029,10.3
5030,10.5
5031,10.6
5032,7.2
5033,5.6
5034,5.6
5035,3.8
5036,0.7
5037,-0.4
5038,-1.2
5039,-0.6
5040,-1.2
5041,-1
5042,-0.3
5043,-1.4
5044,-1.6
5045,-0.5
5046,1.9
5047,4.7
5048,7.2
5049,9.9
5050,12.3
5051,12.3
5052,11.8
5053,12.4
5054,13.1
5055,12.9
5056,12.7
5057,13
5058,12.1
5059,10.4
5060,6.5
5061,5.6
5062,5.3
5063,3.2
5064,1.9
5065,0.5
5066,-1.7
5067,-1.9
5068,-1.7
5069,2.7
5070,5.3
5071,7.5
5072,9.4
5073,11.6
5074,12.8
5075,13.3
5076,13.3
5077,13.3
5078,12.6
5079,11
5080,11.8
5081,11.2
5082,9.7
5083,8.5
5084,7.2
5085,6.6
5086,7.2
5087,7.1
5088,6.9
5089,6.6
5090,5.1
5091,4.1
5092,4.4
5093,3.7
5094,3
5095,2.6
5096,3
5097,3.2
5098,3.7
5099,3.6
5100,3.7
5101,3.4
5102,3.4
5103,3.8
5104,3.9
5105,3.9
5106,3.4
5107,3.1
5108,2.1
5109,1.3
5110,0.4
5111,-0.1
5112,-0.4
5113,-0.8
5114,-1.1
5115,-1.3
5116,-1
5117,-0.9
5118,-0.6
5119
5120,0.4
5121,1
5122,1.6
5123,1.6
5124,1.2
5125,0.8
5126,0.6
5127,1
5128,1.2
5129,0.8
5130,0.2
5131,-0.2
5132,-0.3
5133,-0.6
5134,-0.7
5135,-1.6
5136,-2.4
5137,-2.6
5138,-2.8
5139,-3.1
5140,-3.2
5141,-3.4
5142,-3.1
5143,-2.6
5144,-2.6
5145,-2.7
5146,-2.6
5147,-2.1
5148,-1.8
5149,-1.2
5150,-1
5151,-0.8
5152,-0.6
5153,-0.5
5154,-0.4
5155,-0.5
5156,-0.5
5157,-0.6
5158,-0.2
5159
5160,-0.4
5161,-1.5
5162,-1.4
5163,-1.9
5164,-1.7
5165,-1
5166,-0.2
5167,0.3
5168,1.2
5169,2.1
5170,2.9
5171,3.3
5172,3.4
5173,3.3
5174,3.4
5175,3.5
5176,3.3
5177,2.6
5178,2.8
5179,2.2
5180,-0.3
5181,-0.5
5182,0.5
5183,-0.5
5184,-0.5
5185,-0.8
5186,-1.2
5187,-2.3
5188,-2.4
5189,-1.4
5190,0.9
5191,3
5192,4.5
5193,6
5194,7
5195,2.4
5196,1.5
5197,3.5
5198,3.7
5199,4.1
5200,4.1
5201,3.8
5202,3.7
5203,2.6
5204,-0.9
5205,-2.2
5206,-2.9
5207,-3.8
5208,-4.4
5209,-4.3
5210,-4.6
5211,-3.5
5212,-2.7
5213,0.8
5214,3.3
5215,5.7
5216,8.1
5217,8.8
5218,9.5
5219,9.8
5220,1
5221,11.2
5222,11.4
5223,11
5224,9.9
5225,10.3
5226,9.5
5227,8.4
5228,6.5
5229,5.3
5230,4.5
5231,3.3
5232,2.7
5233,2.4
5234,2
5235,3.1
5236,4.1
5237,4.4
5238,5.3
5239,7
5240,8.6
5241,8.2
5242,8.1
5243,10.2
5244,10.2
5245,9.4
5246,7.9
5247,7.8
5248,6.7
5249,5.8
5250,4.3
5251,3.6
5252,2.9
5253,2.4
5254,2.2
5255,2
5256,1.8
5257,2.5
5258,2.5
5259,2.3
5260,2
5261,2.4
5262,3.1
5263,4.3
5264,4.9
5265,5.6
5266,6.7
5267,8.2
5268,4.2
5269,7.5
5270,7.6
5271,8.1
5272,8.9
5273,7.7
5274,7.1
5275,5.9
5276,4.9
5277,4.6
5278,4.1
5279,3.3
5280,2.3
5281,1
5282,1
5283,1.2
5284,2.2
5285,4.1
5286,6.2
5287,8.2
5288,10.4
5289,11.4
5290,11.2
5291,11.7
5292,11
5293,11.1
5294,12.5
5295,11.9
5296,11
5297,11
5298,9.9
5299,8.8
5300,7.9
5301,7.2
5302,5.7
5303,5.7
5304,4.8
5305,4.5
5306,3.7
5307,4
5308,5.8
5309,8.3
5310,10.7
5311,12.8
5312,14.8
5313,16.2
5314,16.8
5315,15.2
5316,13.4
5317,9
5318,8.7
5319,8.7
5320,8.3
5321,8.2
5322,8.2
5323,7.9
5324,8
5325,8
5326,8.2
5327
5328,8.5
5329
5330
5331,8.7
5332,8.9
5333,10.1
5334,10.4
5335,10.1
5336,10.3
5337,9
5338,9.7
5339,1
5340,10.6
5341,11.4
5342,12.1
5343,10.7
5344,10.2
5345,9.6
5346,8.6
5347,8.4
5348,9.1
5349,9.3
5350,9.9
5351,10.9
5352,11
5353,11.5
5354,11.3
5355,11.3
5356,11.9
5357,12.8
5358,14.3
5359,13.4
5360,12.6
5361,12.1
5362,12.1
5363,10.5
5364,9.4
5365,8.3
5366,8.1
5367,7.8
5368,6.9
5369,6.4
5370,5.7
5371,5.1
5372,4.3
5373,3.6
5374,3.4
5375,3.5
5376,3.4
5377,3.2
5378,3
5379,2.9
5380,2.7
5381,2.8
5382,3
5383,3.4
5384,4.2
5385,4.6
5386,5.2
5387,5.8
5388,4.6
5389,5
5390,5.2
5391,4.9
5392,5.1
5393,4.6
5394,4.3
5395,3.8
5396,3.7
5397,3.6
5398,3.8
5399,3
5400,1.9
5401,-0.1
5402,-0.2
5403,-0.4
5404,1.6
5405,4.4
5406,6.1
5407,6.3
5408,6.2
5409,7.5
5410,8.2
5411,7.5
5412,7.3
5413,7.9
5414,8.4
5415,8.8
5416,9.1
5417,8.6
5418,8.2
5419,7.6
5420,5.6
5421,4
5422,3.7
5423,3.3
5424,3.2
5425,2.9
5426,2.4
5427,2.3
5428,2.2
5429,5.1
5430,6.4
5431,7.4
5432,9.6
5433,10.9
5434,10.9
5435,11
5436,11.4
5437,11.3
5438,10.8
5439,11.1
5440,10.5
5441,9.5
5442,8.2
5443,6.8
5444,5
5445,1.6
5446,0.4
5447,-0.6
5448,-0.9
5449,-1.1
5450,-0.7
5451,-0.2
5452,2.6
5453,6.1
5454,8.3
5455,10.2
5456,10.5
5457,9.9
5458,11.9
5459,11.8
5460,11.5
5461,11.7
5462,12
5463,12.7
5464,12.4
5465,11.1
5466,9.9
5467,8
5468,5.8
5469,4
5470,1.6
5471,0.8
5472,0.6
5473,-0.2
5474
5475,1
5476,4.7
5477,7.2
5478,8.9
5479,10.3
5480,12.9
5481,13.9
5482,14.5
5483,14.9
5484,14.4
5485,14
5486,15
5487,15.3
5488,15.2
5489,15.1
5490,14.6
5491,11.1
5492,9.6
5493,6.3
5494,4.5
5495,3.8
5496,2.9
5497,1.8
5498,1.4
5499,2.1
5500,5.9
5501,9.4
5502,12
5503,14.7
5504,15.6
5505,15.9
5506,16.3
5507,17.5
5508,18.4
5509,19.6
5510,18.8
5511,19.4
5512,19.5
5513,19.4
5514,19
5515,17.6
5516,12.7
5517,9.4
5518,7.4
5519,6.6
5520,5.6
5521,5.9
5522,5
5523,6
5524,7.9
5525,12.3
5526,14.3
5527,16.9
5528,18
5529,20.4
5530,22.2
5531,23.4
5532,23.4
5533,23.8
5534,24.2
5535,24
5536,23.4
5537,23.9
5538,24.1
5539,21.5
5540,19.4
5541,18.1
5542,16.9
5543,14.8
5544,13.1
5545,12.9
5546,12.7
5547,12.6
5548,13
5549,14.3
5550,15.4
5551,16.3
5552,17.7
5553,17
5554,18.1
5555,18.8
5556,18.6
5557,19.2
5558,20.8
5559,20.3
5560,19.9
5561,20.6
5562,20.3
5563,19.2
5564,16.6
5565,14.2
5566,12.5
5567,11.1
5568,10.7
5569,9.5
5570,8.7
5571,9
5572,10.7
5573,12.8
5574,13.9
5575,15
5576,16.2
5577,17.9
5578,18.3
5579,19.3
5580,19.7
5581,20.9
5582,20.6
5583,20.4
5584,20.4
5585,20.1
5586,19.4
5587,17.5
5588,16.5
5589,15
5590,13.8
5591,11.9
5592,11
5593,10.7
5594,10.8
5595,10.8
5596,11.2
5597,11.9
5598,12
5599,13.3
5600,15.4
5601,15.8
5602,16.7
5603,17.7
5604,17.9
5605,16.7
5606,15.1
5607,12.4
5608,11.3
5609,11
5610,9.9
5611,8.8
5612,8.1
5613,7.2
5614,5.6
5615,4.6
5616,3.8
5617,3.2
5618,3.2
5619,2.4
5620,3.4
5621,4.1
5622,6.2
5623,7.3
5624,8.2
5625,8.1
5626,8.8
5627,9.1
5628,9.5
5629,9.8
5630,10.3
5631,1
5632,10.4
5633,1
5634,9.4
5635,8.4
5636,7
5637,5
5638,4.7
5639,4.5
5640,4.7
5641,4.5
5642,4.2
5643,5
5644,5
5645,5.9
5646,7.1
5647,7.6
5648,6.7
5649,6.1
5650,5.6
5651,5.8
5652,5.6
5653,5.9
5654,5.8
5655,6
5656,6
5657,5.9
5658,5.9
5659,5.8
5660,5.7
5661,5.6
5662,5.5
5663,5.4
5664,5.3
5665,5.3
5666,5.2
5667,5.4
5668,5.5
5669,6
5670,6.6
5671,7.6
5672,7.9
5673,7.9
5674,8.8
5675,9.2
5676,9
5677,8.7
5678,8.8
5679,8.7
5680,9
5681,9.1
5682,8.8
5683,8.5
5684,8.1
5685,7.9
5686,7.9
5687,7.8
5688,7.2
5689,7.2
5690,7
5691,6.7
5692,6.5
5693,6.4
5694,6.3
5695,6.5
5696,6.7
5697,6.6
5698,6.7
5699,7.5
5700,8
5701,8.2
5702,8.4
5703,8.5
5704,8.7
5705,7.9
5706,7.7
5707,7.4
5708,7.3
5709,6.2
5710,4.6
5711,4.8
5712,4.5
5713,4.3
5714,4.3
5715,4.8
5716,6.2
5717,7.4
5718,8.5
5719,9.6
5720,10.5
5721,11.9
5722,12.5
5723,12.4
5724,12.3
5725,13.2
5726,13.2
5727,12.8
5728,12.7
5729,12.4
5730,11.6
5731,12.3
5732,9.7
5733,6.9
5734,4.8
5735,3.5
5736,4.1
5737,4.7
5738,5.5
5739,5.8
5740,8.2
5741,10.2
5742,12.6
5743,14
5744,15.9
5745,16.5
5746,16.1
5747,18.3
5748,16.9
5749,16.8
5750,14.7
5751,10.6
5752,11.7
5753,11.7
5754,12.6
5755,13.1
5756,12.1
5757,11.6
5758,10.7
5759,9.4
5760,9.3
5761,9.3
5762,9.4
5763,9.5
5764,10.2
5765,10.9
5766,11.4
5767,11.9
5768,12
5769,12.3
5770,12.1
5771,12.1
5772,12.5
5773,12.2
5774,11.7
5775,12
5776,12.9
5777,11.9
5778,11.2
5779,10.1
5780,8.6
5781,7.4
5782,6.8
5783,5.8
5784,6.2
5785,6.4
5786,6.7
5787,6.2
5788,7.4
5789,8
5790,9
5791,10.3
5792,12.3
5793,13
5794,14.6
5795,15.7
5796,15.1
5797,15.3
5798,14.7
5799,14.4
5800,14
5801,11.2
5802,10.9
5803,1
5804,9.2
5805,7.8
5806,6.7
5807,7
5808,6.8
5809,7.7
5810,6.7
5811,6.3
5812,5.9
5813,6.4
5814,8.2
5815,8.4
5816,9.8
5817,9.8
5818,8.6
5819,8.3
5820,8.1
5821,7.6
5822,6.1
5823,5
5824,5.5
5825,6
5826,6.5
5827,7.1
5828,8.6
5829,7.1
5830,5.7
5831,5
5832,4.1
5833,4.9
5834,5.6
5835,6.9
5836,7.7
5837,8.1
5838,8.3
5839,8.4
5840,9
5841,10.1
5842,11.1
5843,12.2
5844,12.8
5845,13
5846,13
5847,12.6
5848,12.6
5849,12.8
5850,11.3
5851,10.9
5852,9.5
5853,9
5854,8
5855,7.7
5856,7.8
5857,7.3
5858,7.5
5859,7.1
5860,7.1
5861,7.9
5862,9.3
5863,9.2
5864,10.1
5865,11.1
5866,11.4
5867,11
5868,11.5
5869,11.3
5870,11.3
5871,11.2
5872,10.4
5873,10.2
5874,9.8
5875,9.6
5876,8.5
5877,6.6
5878,4
5879,3.8
5880,2.6
5881,2.2
5882,1.8
5883,3.9
5884,7
5885,1
5886,11.8
5887,13.4
5888,14.7
5889,15
5890,16.6
5891,16.3
5892,15.7
5893,14.3
5894,12.1
5895,9.8
5896,9.9
5897,9.9
5898,9.8
5899,9.8
5900,9.8
5901,9.7
5902,9.7
5903,1
5904,1
5905,10.1
5906,10.2
5907,10.4
5908,10.3
5909,10.4
5910,10.3
5911,11.2
5912,13.3
5913,14
5914,15.4
5915,17.4
5916,18.5
5917,14.3
5918,12.7
5919,13.5
5920,13
5921,13.3
5922,11.9
5923,10.7
5924,10.2
5925,9.4
5926,8.1
5927,7.3
5928,6.8
5929,6.9
5930,6.5
5931,6.9
5932,9
5933,11.3
5934,12.1
5935,12.8
5936,14.4
5937,15.7
5938,16.9
5939,18.2
5940,19.1
5941,19.3
5942,19.1
5943,17.9
5944,18
5945,18.8
5946,19.5
5947,17.8
5948,17.8
5949,16.9
5950,16.5
5951,15.6
5952,14.8
5953,14.5
5954,14.6
5955,14.3
5956,14.9
5957,17.4
5958,20.3
5959,20.6
5960,21.3
5961,22.9
5962,22.6
5963,23.6
5964,24.5
5965,21.3
5966,20.4
5967,20.7
5968,20.2
5969,19.7
5970,19.8
5971,18.4
5972,17.3
5973,14.9
5974,13.5
5975,13.2
5976,12.3
5977,12.5
5978,13
5979,14.1
5980,16.6
5981,19
5982,21.8
5983,23.7
5984,26.6
5985,28.5
5986,30.2
5987,31.8
5988,30.6
5989,29.9
5990,29.7
5991,29
5992,28.8
5993,27.9
5994,28.4
5995,23.7
5996,21.8
5997,19.3
5998,17.1
5999,16.3
6000,16.5
6001,15.7
6002,15
6003,16.1
6004,18.8
6005,20.9
6006,22.9
6007,24.6
6008,26
6009,27
6010,29
6011,26.9
6012,21.9
6013,21.2
6014,22.9
6015,24.9
6016,24.8
6017,24.1
6018,24.8
6019,21.5
6020,21.2
6021,19.4
6022,17.2
6023,17.3
6024,17.1
6025,17.1
6026,17.2
6027,17.7
6028,18.5
6029,19.3
6030,18.3
6031,19.5
6032,20.8
6033,22.3
6034,20.2
6035,17.1
6036,15.1
6037,15.7
6038,15.9
6039,18.7
6040,18.6
6041,17.3
6042,16.7
6043,16.2
6044,15.7
6045,13.7
6046,13.7
6047,12.4
6048,12
6049,12.4
6050,12.2
6051,13
6052,14.3
6053,15.2
6054,16
6055,15.8
6056,17.5
6057,17.8
6058,17.7
6059,17.8
6060,18
6061,18.7
6062,19
6063,16
6064,15.7
6065,13.1
6066,11.8
6067,11.8
6068,11.7
6069,10.3
6070,10.1
6071,9
6072,8.4
6073,7.6
6074,7
6075,5.9
6076,6.1
6077,6.3
6078,6.6
6079,7.4
6080,7.5
6081,8
6082,8.7
6083,9.5
6084,9.8
6085,10.5
6086,9.8
6087,1
6088,9
6089,9
6090,8.8
6091,8.5
6092,8.1
6093,7.6
6094,6.5
6095,6.1
6096,3.6
6097,2.1
6098,2.7
6099,3.8
6100,8.2
6101,8.5
6102,9.3
6103,11.2
6104,11.5
6105,11.7
6106,12.2
6107,12.5
6108,13
6109,12.9
6110,13.1
6111,13
6112,12.9
6113,13.1
6114,12.7
6115,11.8
6116,11.8
6117,7.4
6118,6.2
6119,5.5
6120,4.5
6121,3.7
6122,6.4
6123,7.7
6124,9.4
6125,11.5
6126,12.1
6127,12.7
6128,15.1
6129,17.1
6130,17.9
6131,18.2
6132,18.2
6133,19.1
6134,2
6135,19.1
6136,19
6137,18
6138,17.2
6139,15.8
6140,14.5
6141,13.1
6142,13.3
6143,12.3
6144,11.1
6145,1
6146,8.2
6147,10.1
6148,12.5
6149,14.2
6150,15.5
6151,17.2
6152,18.2
6153,19.5
6154,21.1
6155,20.4
6156,19.6
6157,19.8
6158,19.7
6159,20.7
6160,2
6161,19.8
6162,19.3
6163,18.4
6164,17.3
6165,12.7
6166,10.2
6167,9.7
6168,9.1
6169,7.6
6170,7.5
6171,8.9
6172,13.8
6173,16.6
6174,18.4
6175,18.8
6176,19.9
6177,19.7
6178,20.3
6179,20.2
6180,20.9
6181,21
6182,21.3
6183,21
6184,20.5
6185,20.1
6186,18.1
6187,16.8
6188,15
6189,13.1
6190,11.6
6191,10.9
6192,9.2
6193,8.4
6194,7.8
6195,10.2
6196,12.9
6197,15.5
6198,17.5
6199,19.2
6200,19.1
6201,19.3
6202,19.1
6203,17.7
6204,20.5
6205,19.1
6206,18.9
6207,18.6
6208,18.5
6209,18.2
6210,17.4
6211,17.5
6212,16.5
6213,13.8
6214,13.3
6215,11.1
6216,10.4
6217,10.4
6218,12
6219,12.4
6220,12.9
6221,13.8
6222,15.1
6223,16.9
6224,19.8
6225,20.2
6226,20.3
6227,22.4
6228,18.1
6229,20.8
6230,20.9
6231,21
6232,21.9
6233,20.5
6234,18.8
6235,17.6
6236,17.2
6237,15.6
6238,13.6
6239,13.1
6240,14.2
6241,13
6242,12.6
6243,12.7
6244,14.1
6245,15.9
6246,18.1
6247,19.3
6248,2
6249,20.1
6250,2
6251,20.4
6252,21.9
6253,22.2
6254,21.7
6255,21.5
6256,21.7
6257,2
6258,19.2
6259,18.8
6260,18.6
6261,17.8
6262,15
6263,14.1
6264,13.7
6265,13.6
6266,13.7
6267,13.9
6268,13.9
6269,14.9
6270,15.4
6271,15.6
6272,13.5
6273,14.8
6274,15.5
6275,16.7
6276,16
6277,15.5
6278,17.7
6279,18.2
6280,17.9
6281,17.3
6282,16.8
6283,15.9
6284,14.2
6285,11.4
6286,11.3
6287,10.8
6288,10.1
6289,8.2
6290,8
6291,9.7
6292,13.9
6293,15.5
6294,17.2
6295,18.6
6296,18.6
6297,19.1
6298,20.7
6299,2
6300,19.9
6301,21.5
6302,21.2
6303,21.1
6304,18.6
6305,17.6
6306,18.6
6307,18.4
6308,18
6309,16.4
6310,16.7
6311,16.8
6312,16.9
6313,16.9
6314,14.9
6315,14.7
6316,15
6317,15.7
6318,16.8
6319,18.2
6320,21.6
6321,22.2
6322,22.6
6323,23.8
6324,2
6325,18.5
6326,18.2
6327,19.9
6328,21
6329,20.5
6330,18.7
6331,18.4
6332,16.9
6333,15.8
6334,15.2
6335,15.2
6336,13.1
6337,12.2
6338,12.5
6339,13.3
6340,14.7
6341,16.3
6342,18
6343,20.2
6344,20.9
6345,21.4
6346,19
6347,13.6
6348,12.4
6349,15.1
6350,13.2
6351,14.1
6352,10.9
6353,10.6
6354,9.8
6355,10.1
6356,1
6357,1
6358,9.9
6359,9.5
6360,9.9
6361,9.9
6362,10.9
6363,10.9
6364,10.7
6365,11.1
6366,11.2
6367,11.6
6368,11.8
6369,11.7
6370,11.8
6371,12.7
6372,13.8
6373,13.6
6374,14
6375,13.9
6376,14
6377,14.9
6378,12.8
6379,12.7
6380,12.2
6381,10.2
6382,9.6
6383,9.5
6384,9.5
6385,9
6386,8.9
6387,8.9
6388,8.6
6389,10.9
6390,12.3
6391,12.7
6392,13.1
6393,13.4
6394,13.7
6395,14.1
6396,15.1
6397,15.5
6398,14.7
6399,15.2
6400,15.1
6401,14.5
6402,13.6
6403,13.7
6404,12.8
6405,9.7
6406,8.8
6407,7.9
6408,6.4
6409,7.6
6410,6.8
6411,7.5
6412,11.9
6413,12.6
6414,13.7
6415,14.3
6416,14.6
6417,15.2
6418,15
6419,15.1
6420,15.7
6421,15.3
6422,14.9
6423,15.3
6424,14.9
6425,15.2
6426,14.6
6427,13.4
6428,12.5
6429,9.4
6430,8.1
6431,5.8
6432,5.1
6433,4.6
6434,4
6435,4.9
6436,8.5
6437,11.7
6438,13.5
6439,17
6440,18.4
6441,19.1
6442,20.5
6443,18
6444,16.8
6445,16.1
6446,15.7
6447,16.2
6448,16
6449,16.5
6450,15.6
6451,15.1
6452,15.2
6453,13.7
6454,12.5
6455,11.3
6456,12.4
6457,12
6458,12.2
6459,12.9
6460,12.7
6461,13.2
6462,13.7
6463,14.5
6464,14.9
6465,14.7
6466,15.2
6467,16.2
6468,16
6469,17
6470,16.5
6471,16.9
6472,16.8
6473,16.7
6474,16.3
6475,16
6476,15.4
6477,1
6478,9.8
6479,13
6480,12.4
6481,12
6482,11.8
6483,11.3
6484,11.8
6485,12.1
6486,12.7
6487,12.6
6488,13.3
6489,13.8
6490,13.7
6491,13.9
6492,13.6
6493,14.5
6494,14.7
6495,14.3
6496,14.2
6497,14.4
6498,12.6
6499,13.9
6500,12.5
6501,10.2
6502,8.5
6503,9
6504,10.5
6505,10.7
6506,1
6507,11.4
6508,12.2
6509,13.1
6510,13.9
6511,14.8
6512,14.2
6513,13.8
6514,14.8
6515,15.5
6516,15.8
6517,18.3
6518,18.2
6519,18.2
6520,17.6
6521,16.1
6522,16.4
6523,16.3
6524,15.4
6525,13.5
6526,12.7
6527,13.7
6528,12.7
6529,11.9
6530,10.7
6531,1
6532,10.5
6533,11.2
6534,11.8
6535,12.6
6536,13.7
6537,13.8
6538,14.1
6539,14.4
6540,14.5
6541,14.4
6542,13.7
6543,13.8
6544,13.9
6545,13.3
6546,12.3
6547,12.4
6548,11
6549,11
6550,11.5
6551,12.1
6552,9.7
6553,9.4
6554,9.6
6555,9.8
6556,10.1
6557,10.6
6558,11.9
6559,13.2
6560,13.9
6561,14.5
6562,14
6563,15.8
6564,15.7
6565,16
6566,16.7
6567,16.2
6568,17.6
6569,16.7
6570,16.5
6571,16.1
6572,15.3
6573,14
6574,13.5
6575,13.2
6576,11.4
6577,10.5
6578,1
6579,10.1
6580,13.6
6581,14.3
6582,15.2
6583,15.3
6584,15.4
6585,15.8
6586,15.9
6587,15.6
6588,15.3
6589,15.6
6590,15.4
6591,15.7
6592,15.4
6593,15.2
6594,15.2
6595,15
6596,13
6597,11.2
6598,11.2
6599,11.8
6600,11
6601,11
6602,10.3
6603,12.1
6604,13.3
6605,14.5
6606,15.4
6607,15.3
6608,16
6609,16.5
6610,16.2
6611,15.9
6612,17.6
6613,17.5
6614,17.3
6615,16.9
6616,17.1
6617,16.6
6618,15.9
6619,14.9
6620,14.5
6621,13.4
6622,12.5
6623,11.7
6624,9.8
6625,9.6
6626,9
6627,9.2
6628,13.1
6629,14
6630,14.4
6631,14.6
6632,15.1
6633,14.1
6634,14.9
6635,15.1
6636,14.1
6637,15.2
6638,15.3
6639,15.2
6640,14.6
6641,14.8
6642,14.5
6643,13.7
6644,12.4
6645,10.5
6646,8.5
6647,7.5
6648,6.1
6649,6.1
6650,4.5
6651,4.6
6652,7.9
6653,11.6
6654,13.5
6655,15.2
6656,16.3
6657,15.9
6658,16.8
6659,17.5
6660,17.7
6661,16.9
6662,16.6
6663,16.6
6664,15.7
6665,14.9
6666,15.4
6667,13.7
6668,13.2
6669,12.6
6670,12.5
6671,12
6672,11.8
6673,11.5
6674,11.3
6675,11.3
6676,11.4
6677,10.9
6678,11.2
6679,11.4
6680,12
6681,12.7
6682,13.6
6683,13.7
6684,14.1
6685,14.1
6686,15.4
6687,14.9
6688,15.2
6689,14.8
6690,14.2
6691,14.8
6692,11.9
6693,10.3
6694,1
6695,10.3
6696,9.9
6697,10.1
6698,10.9
6699,11.4
6700,12.7
6701,13.3
6702,14.6
6703,15.5
6704,16.3
6705,16.6
6706,16.9
6707,17.4
6708,17.5
6709,17.1
6710,16.9
6711,16.2
6712,16.3
6713,15.7
6714,14.3
6715,13.3
6716,12.5
6717,11.9
6718,11.8
6719,11.8
6720,11.8
6721,12
6722,10.7
6723,10.1
6724,9.8
6725,9.7
6726,9.6
6727,9.9
6728,9.9
6729,10.3
6730,11
6731,12
6732,13.3
6733,14.4
6734,15.4
6735,16
6736,16.1
6737,15.9
6738,15.3
6739,15.2
6740,14
6741,12.3
6742,1
6743,8.2
6744,4.4
6745,4.3
6746,7.6
6747,7.8
6748,9.7
6749,10.7
6750,11.7
6751,12.5
6752,14.1
6753,15.1
6754,16
6755,15.1
6756,15.8
6757,17.3
6758,18.9
6759,19.1
6760,18.4
6761,18.3
6762,17.9
6763,16.6
6764,16.9
6765,15.9
6766,14.5
6767,11.3
6768,14.5
6769,13.8
6770,12.4
6771,11.5
6772,13.1
6773,12.7
6774,13.3
6775,14.4
6776,15.2
6777,15.1
6778,15.8
6779,15.4
6780,15.8
6781,15.4
6782,16.2
6783,15.4
6784,14.9
6785,14.2
6786,13.5
6787,13
6788,13
6789,12.1
6790,11.5
6791,11
6792,10.1
6793,7.7
6794,9.3
6795,7.2
6796,8.8
6797,9.8
6798,10.7
6799,11.6
6800,13.2
6801,13.7
6802,13.5
6803,14.4
6804,13.9
6805,14.6
6806,15.6
6807,15.9
6808,15.7
6809,15.6
6810,15
6811,14.5
6812,13.6
6813,11.3
6814,9.9
6815,7.8
6816,6.1
6817,4.8
6818,4.4
6819,5.7
6820,10.8
6821,11.9
6822,12.6
6823,12.8
6824,13.4
6825,13.8
6826,13.9
6827,16.5
6828,17.2
6829,17.4
6830,18
6831,17.8
6832,18.1
6833,17.8
6834,17.3
6835,17.6
6836,16.6
6837,13.4
6838,9.5
6839,10.3
6840,12.2
6841,10.8
6842,10.5
6843,11
6844,10.7
6845,11
6846,11.5
6847,11.2
6848,11.2
6849,12.1
6850,12.6
6851,13.6
6852,13.7
6853,14.5
6854,14.2
6855,13.9
6856,14.5
6857,13.4
6858,13.8
6859,13.3
6860,12.9
6861,12.7
6862,12.3
6863,11.7
6864,11.4
6865,11.5
6866,11
6867,10.9
6868,11
6869,10.9
6870,11.9
6871,12.4
6872,13.2
6873,13.6
6874,14.7
6875,15
6876,15
6877,15.1
6878,14.9
6879,15.5
6880,16.3
6881,16.1
6882,15.6
6883,15
6884,14.7
6885,10.8
6886,9.4
6887,8.9
6888,8.2
6889,9.4
6890,9.9
6891,11
6892,10.5
6893,10.7
6894,11.1
6895,11.8
6896,12.7
6897,13
6898,13.7
6899,14.6
6900,14.9
6901,16
6902,14.6
6903,16.1
6904,15.2
6905,15.1
6906,15.5
6907,15.3
6908,14.1
6909,10.2
6910,8.5
6911,7.8
6912,7.3
6913,8.2
6914,9.6
6915,10.1
6916,9.9
6917,11
6918,12.8
6919,13.6
6920,15
6921,16.4
6922,16.7
6923,17.5
6924,18.4
6925,19
6926,18.5
6927,18.8
6928,18.6
6929,18.2
6930,17.9
6931,17.4
6932,14.6
6933,11.9
6934,9.4
6935,7.8
6936,9.5
6937,8.9
6938,8.4
6939,10.5
6940,11.1
6941,12
6942,12.7
6943,13.5
6944,14.5
6945,14.7
6946,16.1
6947,17.7
6948,16.7
6949,17.8
6950,17.8
6951,15.8
6952,13.6
6953,15.2
6954,15.7
6955,15.6
6956,13.1
6957,10.7
6958,8.8
6959,7.9
6960,7.4
6961,6.5
6962,6.3
6963,6.4
6964,8.8
6965,12.1
6966,13.7
6967,14.2
6968,14.7
6969,15.6
6970,15.7
6971,17
6972,17.4
6973,18
6974,17.8
6975,18.8
6976,18.3
6977,18.7
6978,18.4
6979,17.9
6980,16.7
6981,13.5
6982,12.7
6983,10.9
6984,9.7
6985,8.8
6986,8.2
6987,7.7
6988,11.1
6989,13.6
6990,14.8
6991,15.1
6992,15.5
6993,16.5
6994,17.3
6995,17.7
6996,19.1
6997,19.6
6998,19.3
6999,19.2
7000,18.4
7001,18.4
7002,18.2
7003,17.6
7004,16.6
7005,13.9
7006,12.2
7007,10.6
7008,9.8
7009,9
7010,8.6
7011,8.5
7012,11.3
7013,14.6
7014,18
7015,18
7016,19.2
7017,19.7
7018,21.2
7019,21.2
7020,21.8
7021,21.5
7022,21.2
7023,20.9
7024,20.7
7025,20.2
7026,19.7
7027,18.8
7028,15.4
7029,12.5
7030,11.5
7031,1
7032,9
7033,7.8
7034,7.9
7035,8
7036,10.7
7037,13.9
7038,17.3
7039,19.6
7040,22.2
7041,22.8
7042,23.1
7043,24.8
7044,24
7045,24.7
7046,25.1
7047,24.1
7048,24.5
7049,23.7
7050,23.4
7051,22.8
7052,18.3
7053,15.6
7054,13.5
7055,12.8
7056,12.3
7057,11.5
7058,11.2
7059,11.4
7060,14.9
7061,17
7062,19.5
7063,22.6
7064,25.6
7065,27
7066,28.3
7067,27.3
7068,28.9
7069,28.8
7070,28.9
7071,28.5
7072,28.5
7073,27.4
7074,26.9
7075,24.1
7076,20.1
7077,17.3
7078,15.4
7079,14.3
7080,13.6
7081,12.9
7082,13.2
7083,13.4
7084,14.9
7085,16.8
7086,19.8
7087,22.5
7088,24.3
7089,26.5
7090,27
7091,27.3
7092,28.2
7093,27
7094,25.3
7095,24.3
7096,23.1
7097,23.1
7098,22.5
7099,21.3
7100,19.7
7101,16.9
7102,16.6
7103,14.8
7104,13.7
7105,14
7106,14.6
7107,14.9
7108,15.8
7109,18.6
7110,20.3
7111,21.9
7112,23.2
7113,23.4
7114,23.5
7115,24.2
7116,23.3
7117,23.4
7118,22.8
7119,22.3
7120,22.6
7121,21.2
7122,21.6
7123,19.7
7124,17.8
7125,15.3
7126,13.9
7127,13.3
7128,14.9
7129,14.1
7130,12.9
7131,12.7
7132,14.1
7133,16.5
7134,19.4
7135,22.1
7136,24.1
7137,25.9
7138,24.9
7139,25.2
7140,25.8
7141,26.5
7142,27.2
7143,27.2
7144,26.8
7145,26.8
7146,26.4
7147,25.4
7148,21.1
7149,18.9
7150,17.5
7151,16.8
7152,16.1
7153,15.3
7154,14.8
7155,14.6
7156,15.8
7157,18.8
7158,21.4
7159,23.6
7160,25.9
7161,27
7162,28.7
7163,29.2
7164,28.8
7165,29.2
7166,29.2
7167,28.2
7168,28.2
7169,27.6
7170,27.1
7171,25.1
7172,21
7173,18.9
7174,17.1
7175,16.5
7176,16.1
7177,15.8
7178,15.7
7179,15.6
7180,17.6
7181,22.5
7182,24.8
7183,25.6
7184,26.3
7185,26.5
7186,27.3
7187,29.1
7188,29.1
7189,29.7
7190,28.5
7191,27.4
7192,26.2
7193,26.5
7194,27
7195,25.4
7196,22.9
7197,19.7
7198,20.2
7199,21.4
7200,22.8
7201,21.8
7202,20.3
7203,18.5
7204,17
7205,16.5
7206,17
7207,17
7208,17.5
7209,17.9
7210,18.1
7211,19.2
7212,19.4
7213,19.7
7214,19.3
7215,19.1
7216,19.3
7217,18.4
7218,17.9
7219,16.5
7220,15.8
7221,15
7222,13.7
7223,13.1
7224,11
7225,7.3
7226,6.2
7227,8
7228,12.3
7229,12.1
7230,11.9
7231,12
7232,12.2
7233,12.6
7234,13.1
7235,13.2
7236,13.4
7237,13.8
7238,13
7239,13
7240,13.5
7241,12.8
7242,12.7
7243,12.1
7244,11.3
7245,10.8
7246,1
7247,9.3
7248,9
7249,8.5
7250,7.7
7251,8.4
7252,8.8
7253,8.9
7254,9.2
7255,9.7
7256,9.7
7257,10.3
7258,10.7
7259,11.1
7260,12.6
7261,12.7
7262,13.8
7263,13.5
7264,13.7
7265,13.8
7266,13.9
7267,13.4
7268,12.8
7269,11.9
7270,10.9
7271,9.9
7272,8.9
7273,8
7274,7.5
7275,6.9
7276,7.2
7277,7.4
7278,8.3
7279,8.5
7280,8.7
7281,9.3
7282,1
7283,10.7
7284,11.4
7285,11.8
7286,11.9
7287,12.8
7288,13.1
7289,13.2
7290,13.3
7291,13.1
7292,12.5
7293,11.3
7294,10.4
7295,1
7296,8.1
7297,6.1
7298,5.4
7299,5.3
7300,7.8
7301,11.1
7302,13.4
7303,14.8
7304,16
7305,16.4
7306,17.6
7307,18.4
7308,19
7309,16.6
7310,16.4
7311,15.4
7312,16.3
7313,16.4
7314,16.4
7315,15.9
7316,14.3
7317,12.7
7318,12.7
7319,12.1
7320,11.8
7321,10.8
7322,12
7323,12.1
7324,11.6
7325,11.5
7326,11.5
7327,11.5
7328,11.8
7329,12.1
7330,11.6
7331,12
7332,12.8
7333,12.7
7334,13.4
7335,12.9
7336,12.7
7337,12.1
7338,11.9
7339,11.4
7340,9.5
7341,10.9
7342,10.7
7343,10.4
7344,9.1
7345,9.6
7346,8.9
7347,8.6
7348,8.5
7349,9
7350,9.5
7351,10.3
7352,11.3
7353,12.9
7354,12
7355,11.7
7356,12.2
7357,11.8
7358,12.1
7359,11.4
7360,11.7
7361,11.5
7362,11.5
7363,11
7364,9.7
7365,8.9
7366,8.1
7367,9.1
7368,7.9
7369,4.2
7370,3.4
7371,6.2
7372,7.3
7373,9
7374,9.6
7375,10.4
7376,10.7
7377,11.4
7378,12.1
7379,12.9
7380,14.1
7381,14.4
7382,15.1
7383,15.7
7384,15.5
7385,15
7386,14.6
7387,14
7388,12.7
7389,12.2
7390,10.8
7391,9.5
7392,11.1
7393,10.2
7394,9.7
7395,9.2
7396,8.4
7397,7.6
7398,7.3
7399,7.4
7400,8.9
7401,9.8
7402,10.8
7403,11.7
7404,12
7405,12.5
7406,13.2
7407,13.3
7408,13.6
7409,13.2
7410,12.7
7411,11.8
7412,10.6
7413,8.7
7414,4.5
7415,2.4
7416,1.7
7417,1.3
7418,0.8
7419,0.6
7420,1.3
7421,5.9
7422,10.5
7423,11.5
7424,12.4
7425,13.5
7426,14.2
7427,14.9
7428,15.4
7429,15.9
7430,15.8
7431,15.6
7432,15.6
7433,14.9
7434,14.1
7435,11.4
7436,7.8
7437,6.2
7438,5.2
7439,4.8
7440,3.6
7441,2.5
7442,3
7443,1.9
7444,2.8
7445,6.5
7446,7.2
7447,10.6
7448,12.6
7449,13.3
7450,13.6
7451,15.9
7452,15.3
7453,16.4
7454,16.4
7455,15.6
7456,15.9
7457,15.1
7458,15.2
7459,14
7460,12.4
7461,9.8
7462,7.2
7463,7.8
7464,8.2
7465,9.3
7466,9.4
7467,8
7468,8.7
7469,10.2
7470,12.7
7471,14
7472,16.8
7473,17.8
7474,18
7475,18
7476,19.9
7477,18.4
7478,18.2
7479,18.1
7480,18.5
7481,18.2
7482,17.7
7483,16.6
7484,15.5
7485,12.7
7486,12.7
7487,11.9
7488,1
7489,9.8
7490,10.3
7491,9.8
7492,9.7
7493,11.2
7494,12.4
7495,13.8
7496,15.7
7497,17.4
7498,16.9
7499,17
7500,18.5
7501,17.3
7502,17.4
7503,17.1
7504,16.2
7505,16.2
7506,15.6
7507,14.4
7508,13.1
7509,9
7510,8.7
7511,7.9
7512,8
7513,7.4
7514,7.3
7515,6.4
7516,5.1
7517,9.4
7518,10.8
7519,13.3
7520,14.3
7521,16.6
7522,16.3
7523,18.4
7524,17.9
7525,19
7526,19
7527,18.5
7528,19.4
7529,18.6
7530,17.7
7531,16.5
7532,13.7
7533,12.6
7534,12.4
7535,11.8
7536,11.3
7537,10.7
7538,10.5
7539,10.6
7540,11
7541,12.5
7542,14.2
7543,15.5
7544,17.2
7545,19.1
7546,20.1
7547,19.9
7548,20.6
7549,21.7
7550,20.2
7551,21
7552,20.6
7553,20.4
7554,19.6
7555,18.4
7556,16.7
7557,16
7558,15.3
7559,15.2
7560,14.5
7561,14.6
7562,14.2
7563,14
7564,13.9
7565,12.1
7566,12.3
7567,12.5
7568,13.3
7569,14.2
7570,15.4
7571,16.1
7572,17.1
7573,17.2
7574,15.7
7575,15.6
7576,15.8
7577,16.2
7578,15.9
7579,15.6
7580,14.8
7581,14
7582,15
7583,14.2
7584,13.6
7585,13.3
7586,13
7587,11.9
7588,12.1
7589,13
7590,14.1
7591,15
7592,15.8
7593,17
7594,17.3
7595,17.3
7596,16.5
7597,18.5
7598,17.5
7599,16.6
7600,16
7601,16.3
7602,15.9
7603,15.7
7604,14.8
7605,14.5
7606,13.8
7607,13.5
7608,13.1
7609,12.1
7610,11.8
7611,12.2
7612,11.3
7613,12.9
7614,12.9
7615,13.2
7616,14.2
7617,16
7618,16.6
7619,17.2
7620,15.6
7621,16.8
7622,16.8
7623,16.9
7624,17.3
7625,17.5
7626,16.3
7627,15
7628,13.7
7629,14.1
7630,13.8
7631,13
7632,12.5
7633,11.6
7634,11.9
7635,11.8
7636,12
7637,12.7
7638,13.7
7639,13.8
7640,14.5
7641,15.8
7642,17.5
7643,17.2
7644,16.9
7645,16.9
7646,16.7
7647,16.2
7648,16
7649,14.9
7650,14.8
7651,14.7
7652,14.6
7653,14.1
7654,13.7
7655,13.7
7656,13.8
7657,14.2
7658,14.3
7659,14.3
7660,14.4
7661,14.6
7662,15.1
7663,15.5
7664,15.8
7665,15.8
7666,17.1
7667,17
7668,17.3
7669,16.9
7670,17.5
7671,16.7
7672,17.7
7673,16.7
7674,14.3
7675,11.8
7676,9.7
7677,8.6
7678,8.4
7679,7.9
7680,8.6
7681,9.9
7682,10.6
7683,10.5
7684,10.9
7685,12.4
7686,13.9
7687,15.8
7688,17.6
7689,17.2
7690,18.5
7691,19
7692,19.8
7693,20.8
7694,21.5
7695,20.3
7696,20.3
7697,20.7
7698,18.8
7699,18.6
7700,17.1
7701,16.6
7702,15.5
7703,15.5
7704,15.2
7705,15
7706,13.3
7707,12.7
7708,12.5
7709,13.8
7710,15.7
7711,17.9
7712,18.3
7713,18.7
7714,18.8
7715,18.9
7716,21.4
7717,19
7718,18.1
7719,16.2
7720,15.6
7721,15.5
7722,15
7723,14.7
7724,14.5
7725,14.3
7726,14.1
7727,13.8
7728,13.6
7729,13.5
7730,13.3
7731,12.9
7732,12.9
7733,13.6
7734,13.2
7735,13.6
7736,13.6
7737,13.9
7738,14.1
7739,14
7740,14.5
7741,15.5
7742,16.4
7743,16.9
7744,15.2
7745,16.2
7746,15.4
7747,13.6
7748,13.2
7749,13.5
7750,11.8
7751,11.3
7752,11.6
7753,11.2
7754,10.7
7755,10.8
7756,10.9
7757,11.6
7758,13.4
7759,15.3
7760,17.2
7761,18.9
7762,19.8
7763,2
7764,16.3
7765,17.5
7766,19.7
7767,18.7
7768,18.7
7769,18.1
7770,16.2
7771,15
7772,12.8
7773,11.1
7774,10.7
7775,10.1
7776,10.1
7777,9.9
7778,9.7
7779,9.6
7780,10.6
7781,11.4
7782,12.5
7783,15.3
7784,17.1
7785,18.7
7786,2
7787,18.7
7788,19.5
7789,19.8
7790,19.1
7791,18.7
7792,18.2
7793,16.9
7794,15.6
7795,13.6
7796,11.5
7797,11.3
7798,11.7
7799,10.5
7800,10.8
7801,11.8
7802,11.3
7803,10.9
7804,10.9
7805,11.1
7806,11.9
7807,12.9
7808,14.9
7809,16.6
7810,17.3
7811,16.6
7812,16.7
7813,16.1
7814,16.1
7815,15.8
7816,15.6
7817,15.4
7818,14.4
7819,13.4
7820,12.6
7821,11.5
7822,9.8
7823,9.4
7824,9.7
7825,8.8
7826,8.3
7827,6.4
7828,6.4
7829,7
7830,8.3
7831,9.8
7832,10.2
7833,10.7
7834,11.8
7835,12.2
7836,13
7837,14
7838,15
7839,15.4
7840,14.8
7841,12.8
7842,12.2
7843,11.4
7844,10.6
7845,11.1
7846,11.1
7847,11.2
7848,11
7849,10.9
7850,10.7
7851,11
7852,11.1
7853,12.2
7854,12.1
7855,12.2
7856,12.6
7857,13.1
7858,13.7
7859,13.5
7860,13.9
7861,14.9
7862,15.6
7863,16.2
7864,16.2
7865,15.9
7866,14.8
7867,11.8
7868,9.4
7869,9.9
7870,8.8
7871,7
7872,6.9
7873,6.9
7874,6.9
7875,6.1
7876,7.2
7877,8.2
7878,9.6
7879,11
7880,13.2
7881,15.3
7882,15.2
7883,13.2
7884,14.5
7885,13.5
7886,14.1
7887,13.9
7888,13.9
7889,13.8
7890,13.8
7891,14
7892,14.6
7893,15
7894,14.6
7895,14.2
7896,14.4
7897,14.2
7898,14
7899,13.7
7900,13.4
7901,13.6
7902,13.8
7903,15.1
7904,14.4
7905,15.2
7906,15.6
7907,15.9
7908,16.7
7909,17.1
7910,16.7
7911,16.3
7912,16.2
7913,15.8
7914,15
7915,13.8
7916,13.5
7917,12.1
7918,11.1
7919,10.7
7920,1
7921,9.7
7922,10.6
7923,11
7924,11.2
7925,11
7926,12.7
7927,14
7928,17.2
7929,19.4
7930,20.6
7931,21.4
7932,21.5
7933,22.1
7934,21.9
7935,21.6
7936,21.3
7937,19.6
7938,17.1
7939,15
7940,14
7941,13.3
7942,13.1
7943,12.4
7944,11.4
7945,10.9
7946,11.5
7947,10.4
7948,10.5
7949,11
7950,13.3
7951,16.5
7952,18.1
7953,20.1
7954,21.4
7955,21.4
7956,20.9
7957,20.7
7958,21.3
7959,21.5
7960,20.9
7961,19.8
7962,17.9
7963,16.1
7964,14.4
7965,13.7
7966,13.2
7967,12.9
7968,12.6
7969,12.4
7970,13.2
7971,12.9
7972,11.8
7973,13.2
7974,14.6
7975,18
7976,20.7
7977,23.2
7978,24.8
7979,26
7980,26.3
7981,26.5
7982,26.6
7983,25.8
7984,24.8
7985,23.4
7986,21.4
7987,18.5
7988,17.6
7989,16.7
7990,15.7
7991,15
7992,13.9
7993,13.4
7994,12.8
7995,12.7
7996,12.6
7997,13.3
7998,15.2
7999,16.1
8000,18.2
8001,16.4
8002,16.3
8003,16.5
8004,17.1
8005,17.5
8006,18.9
8007,19.4
8008,19
8009,18.6
8010,17.3
8011,16.3
8012,15.5
8013,15.4
8014,15.4
8015,14.3
8016,12.4
8017,11.7
8018,11.9
8019,11.7
8020,11.1
8021,11.1
8022,12.3
8023,15.4
8024,16.8
8025,17.5
8026,18.7
8027,19.4
8028,19.8
8029,19.2
8030,19.2
8031,19.5
8032,19.2
8033,18.5
8034,17.1
8035,16.5
8036,15.9
8037,15.7
8038,13.9
8039,12.9
8040,11.8
8041,12.6
8042,12.4
8043,12.5
8044,13.7
8045,14
8046,14.7
8047,16
8048,18.3
8049,19.6
8050,20.6
8051,22.3
8052,23
8053,23.2
8054,23.6
8055,22.4
8056,21.5
8057,20.2
8058,16.9
8059,16.3
8060,15.6
8061,14.7
8062,14.4
8063,14.9
8064,15.4
8065,15.4
8066,14.4
8067,14.2
8068,13
8069,14.1
8070,15.4
8071,17.3
8072,18.9
8073,20.3
8074,22.2
8075,23.7
8076,23.5
8077,24.1
8078,23.4
8079,24.2
8080,22.1
8081,16.7
8082,15.4
8083,15
8084,14.9
8085,14.1
8086,13.9
8087,13.9
8088,13.2
8089,12.5
8090,12.2
8091,12.2
8092,12.1
8093,12.3
8094,12.4
8095,13.5
8096,13.7
8097,15.9
8098,15.7
8099,15.8
8100,16.7
8101,16.6
8102,15.5
8103,15.3
8104,15.3
8105,14
8106,1
8107,7.6
8108,6.3
8109,6
8110,6
8111,6.2
8112,6.6
8113,5.9
8114,5.8
8115,5.7
8116,5.1
8117,5.2
8118,7.1
8119,9.8
8120,13.2
8121,15.8
8122,14.8
8123,13.5
8124,15.2
8125,14.1
8126,14.5
8127,15
8128,13.9
8129,13.2
8130,12.8
8131,12.2
8132,12
8133,10.7
8134,9
8135,9.1
8136,7.4
8137,7.1
8138,6.4
8139,5.6
8140,5.6
8141,6.3
8142,7.4
8143,8.3
8144,9.2
8145,10.7
8146,11.8
8147,12.5
8148,13.6
8149,12.4
8150,12.6
8151,12.8
8152,13
8153,13.5
8154,13.7
8155,13.2
8156,13.1
8157,13.3
8158,11.9
8159,11.3
8160,11
8161,10.4
8162,10.2
8163,10.2
8164,10.6
8165,11.5
8166,11.6
8167,11.7
8168,12.1
8169,12.3
8170,13.7
8171,14.6
8172,15
8173,14.8
8174,14.2
8175,13.5
8176,12.8
8177,12.3
8178,10.7
8179,9.6
8180,9.4
8181,8.7
8182,7.8
8183,8
8184,8.5
8185,9
8186,7.6
8187,6.8
8188,6.5
8189,6.4
8190,7.8
8191,10.6
8192,12.5
8193,14.5
8194,15.6
8195,16.1
8196,16.3
8197,15.8
8198,13.4
8199,14
8200,13.8
8201,12.5
8202,11.7
8203,12.1
8204,11.8
8205,11.6
8206,11.4
8207,11.4
8208,11.3
8209,11
8210,11
8211,10.9
8212,10.8
8213,10.5
8214,11.1
8215,11.5
8216,12.4
8217,13.6
8218,14.1
8219,15.2
8220,14.8
8221,13.4
8222,14.7
8223,14.7
8224,14.5
8225,13.9
8226,12.4
8227,10.4
8228,1
8229,9.6
8230,9.7
8231,8.9
8232,7.2
8233,5.8
8234,5.6
8235,5
8236,6.1
8237,5.2
8238,6.6
8239,9.2
8240,9.9
8241,10.8
8242,11.5
8243,12.3
8244,14.1
8245,16.1
8246,17.1
8247,17.1
8248,17.3
8249,15.7
8250,12.6
8251,11.8
8252,12.6
8253,11.6
8254,10.9
8255,11.6
8256,11.8
8257,12.1
8258,12.1
8259,12
8260,12.7
8261,13.1
8262,13.4
8263,13.9
8264,14.5
8265,15.2
8266,15.2
8267,15.6
8268,15.6
8269,15.7
8270,15.9
8271,15.9
8272,15.9
8273,15.5
8274,13.1
8275,12.5
8276,12.4
8277,13.7
8278,14.3
8279,14.5
8280,14.7
8281,14.7
8282,15.2
8283,14.8
8284,14.6
8285,14.8
8286,15
8287,15.2
8288,15.6
8289,16.3
8290,19.2
8291,21.4
8292,21.8
8293,22.4
8294,22.3
8295,20.2
8296,19.4
8297,16.5
8298,13.9
8299,13.6
8300,13.4
8301,13.1
8302,13.1
8303,13.5
8304,13.4
8305,13.2
8306,13.2
8307,13.2
8308,13.4
8309,13.4
8310,13.8
8311,14.2
8312,14.6
8313,13.9
8314,13.7
8315,13.7
8316,14
8317,14.7
8318,14.4
8319,14.9
8320,14.5
8321,14.5
8322,13.2
8323,12.5
8324,12.5
8325,11
8326,11.6
8327,10.8
8328,10.1
8329,1
8330,9.4
8331,10.1
8332,10.6
8333,10.2
8334,10.4
8335,11
8336,12.6
8337,13.6
8338,12.5
8339,13.5
8340,12.5
8341,12.1
8342,10.4
8343,11.2
8344,9.4
8345,9.3
8346,9.5
8347,9
8348,9.2
8349,9.1
8350,8.6
8351,7.8
8352,8.8
8353,8.8
8354,9.2
8355,8.8
8356,8.4
8357,7.9
8358,8.6
8359,9.7
8360,10.5
8361,10.2
8362,10.3
8363,10.9
8364,11.6
8365,12.1
8366,11.9
8367,11.2
8368,10.5
8369,8.7
8370,5.5
8371,4
8372,3.6
8373,3.3
8374,1.9
8375,1.7
8376,1.9
8377,1.5
8378,1.5
8379,1.6
8380,1.8
8381,2.2
8382,3.1
8383,4.2
8384,5.6
8385,7.5
8386,10.4
8387,11.6
8388,11.1
8389,10.4
8390,9.4
8391,8.9
8392,8.8
8393,8.7
8394,8
8395,7.8
8396,8.2
8397,8.5
8398,8.3
8399,7.8
8400,7.7
8401,7.4
8402,7.1
8403,6.6
8404,6.1
8405,5.5
8406,4.7
8407,3.6
8408,3.3
8409,3.8
8410,5.1
8411,6
8412,7
8413,7.6
8414,7.3
8415,7.4
8416,8.1
8417,8.3
8418,7.7
8419,7.3
8420,7.2
8421,7.4
8422,7.4
8423,7.1
8424,6.8
8425,7
8426,6.9
8427,6.2
8428,4.8
8429,4.2
8430,6
8431,6.8
8432,7.6
8433,9.1
8434,9.3
8435,9.8
8436,10.2
8437,10.7
8438,10.8
8439,9.4
8440,9.7
8441,8.5
8442,8.4
8443,7.8
8444,6.9
8445,4.9
8446,3.8
8447,4.4
8448,3.6
8449,3.7
8450,2.5
8451,1.9
8452,1.9
8453,1.5
8454,1.4
8455,3.1
8456,4.4
8457,6.2
8458,7.2
8459,8.2
8460,8.8
8461,8.9
8462,8.9
8463,8.2
8464,7.7
8465,4.7
8466,3
8467,1.5
8468,2.9
8469,1.7
8470,1.6
8471,2.3
8472,1.9
8473,2.7
8474,2.1
8475,2.2
8476,2.2
8477,3.3
8478,4
8479,4.8
8480,6.2
8481,6.4
8482,7.1
8483,7.1
8484,7.7
8485,8.3
8486,7.7
8487,7.6
8488,7.5
8489,5.6
8490,4.6
8491,3.8
8492,1.8
8493,3
8494,0.1
8495,-0.5
8496,-0.9
8497,-1.3
8498,-1.8
8499,-0.8
8500,-1
8501,-1.4
8502,-0.5
8503,4.2
8504,6.6
8505,7.8
8506,8.2
8507,8.9
8508,9
8509,8.8
8510,8.8
8511,8.2
8512,7.2
8513,6.5
8514,4
8515,0.9
8516,0.3
8517,-0.5
8518,-0.8
8519,-0.5
8520,-0.9
8521,0.2
8522,-0.2
8523,-0.4
8524,-0.6
8525,0.1
8526,0.2
8527,2.2
8528,3.7
8529,7.5
8530,8.9
8531,8.4
8532,9
8533,8.5
8534,8.9
8535,8.5
8536,7
8537,5.7
8538,3.5
8539,1.1
8540,-0.2
8541,3.9
8542,4.1
8543,3.6
8544,3.3
8545,2.2
8546,1.9
8547,0.8
8548,1
8549,0.7
8550,0.6
8551,1.1
8552,0.8
8553,1.7
8554,2.1
8555,2.9
8556,3
8557,5
8558,6.4
8559,6.8
8560,6.5
8561,6.8
8562,6.4
8563,6.5
8564,5.7
8565,5.2
8566,4.6
8567,3.8
8568,3.5
8569,4.2
8570,3.9
8571,2.9
8572,2.7
8573,2.4
8574,2.2
8575,2.9
8576,4.3
8577,5.7
8578,6.4
8579,6.5
8580,6.6
8581,7.3
8582,6.4
8583,6.6
8584,5.4
8585,5.1
8586,4
8587,1.9
8588,-0.9
8589,-1.6
8590,-2.6
8591,-3
8592,-1.9
8593,-3.4
8594,-3.2
8595,-3.5
8596,-4.3
8597,-4.9
8598,-4.6
8599,-2.9
8600,1.5
8601,4.4
8602,5.7
8603,6.1
8604,6.5
8605,6.1
8606,6
8607,5.7
8608,4.9
8609,3.9
8610,0.9
8611,0.2
8612,-0.9
8613,-1.9
8614,-1.5
8615,-0.9
8616,-0.9
8617,-2.1
8618,-2.8
8619,-1.8
8620,-1.6
8621,-1.8
8622
8623,1.1
8624,4.5
8625,5.8
8626,7.9
8627,7
8628,8.3
8629,8.3
8630,8.2
8631,7.9
8632,7.3
8633,8.1
8634,8.2
8635,8.2
8636,8.6
8637,9
8638,9.2
8639,9.1
8640,8.6
8641,7.6
8642,7.3
8643,6.6
8644,6.7
8645,6.9
8646,6.8
8647,8
8648,8.7
8649,9.3
8650,9.7
8651,10.8
8652,12.3
8653,11.3
8654,10.7
8655,10.6
8656,10.4
8657,9.9
8658,7.8
8659,8.2
8660,7.7
8661,7.9
8662,7.9
8663,8.2
8664,8.4
8665,8.5
8666,8.4
8667,8.5
8668,8.5
8669,8.3
8670,8.4
8671,9.2
8672,1
8673,10.3
8674,11.2
8675,12.1
8676,12.4
8677,11.8
8678,13.6
8679,11.7
8680,10.6
8681,7.9
8682,6.4
8683,4.9
8684,3.4
8685,2.5
8686,1.7
8687,1.2
8688,2.6
8689,4.1
8690,4.9
8691,4.8
8692,5
8693,5.4
8694,5.9
8695,6.8
8696,7.7
8697,8.5
8698,10.9
8699,12.1
8700,11.7
8701,11.8
8702,12.3
8703,11.7
8704,1
8705,7.5
8706,6.8
8707,6.3
8708,7.5
8709,8
8710,7.7
8711,7.6
8712,7.5
8713,7.7
8714,7.3
8715,7
8716,7.1
8717,7.2
8718,7.2
8719,7.9
8720,9
8721,9.4
8722,9.9
8723,10.5
8724,1
8725,9.9
8726,8.9
8727,8.9
8728,8.5
8729,8.2
8730,7.8
8731,7.7
8732,7.3
8733,7.6
8734,7.7
8735,7.1
8736,7.2
8737,7.3
8738,7.5
8739,7.7
8740,7.9
8741,8.2
8742,8.3
8743,8.3
8744,8.7
8745,9.2
8746,1
8747,10.4
8748,11.2
8749,10.4
8750,11.5
8751,10.7
8752,10.5
8753,10.2
8754,9.8
8755,9.7
8756,9.6
8757,9.5
8758,9.3
8759,9.2
8760,9.4
8761,9.2
